gloss,video_id,split,signer_id,bbox,frame_start,frame_end,path,exists,hand_rate,source
drink,69302,val,115,"[551, 68, 1350, 1080]",1,-1,D:\Compressed\archive_3/videos/69302.mp4,True,0.6875,
drink,65539,train,94,"[153, 11, 488, 370]",1,-1,D:\Compressed\archive_3/videos/65539.mp4,True,0.40625,
drink,17710,train,36,"[196, 15, 521, 414]",1,-1,D:\Compressed\archive_3/videos/17710.mp4,True,0.5,
drink,17733,train,12,"[186, 63, 551, 400]",1,-1,D:\Compressed\archive_3/videos/17733.mp4,True,0.53125,
drink,65540,train,94,"[167, 19, 480, 370]",1,-1,D:\Compressed\archive_3/videos/65540.mp4,True,0.53125,
drink,17734,val,12,"[183, 55, 552, 400]",1,-1,D:\Compressed\archive_3/videos/17734.mp4,True,0.59375,
drink,17711,train,52,"[289, 9, 783, 480]",1,-1,D:\Compressed\archive_3/videos/17711.mp4,True,0.46875,
drink,17712,train,6,"[673, 90, 1571, 1072]",1,-1,D:\Compressed\archive_3/videos/17712.mp4,True,0.6875,
drink,17713,test,21,"[28, 0, 542, 480]",1,-1,D:\Compressed\archive_3/videos/17713.mp4,True,0.4375,
drink,17709,train,2,"[41, 9, 257, 240]",1,-1,D:\Compressed\archive_3/videos/17709.mp4,True,0.40625,
drink,17720,train,11,"[49, 3, 220, 192]",1,-1,D:\Compressed\archive_3/videos/17720.mp4,True,1.0,
drink,17721,train,10,"[66, 19, 209, 192]",1,-1,D:\Compressed\archive_3/videos/17721.mp4,True,1.0,
drink,17722,train,10,"[66, 19, 209, 192]",1,-1,D:\Compressed\archive_3/videos/17722.mp4,True,1.0,
drink,17723,train,10,"[65, 20, 208, 192]",1,-1,D:\Compressed\archive_3/videos/17723.mp4,True,1.0,
drink,17724,val,11,"[68, 18, 220, 192]",1,-1,D:\Compressed\archive_3/videos/17724.mp4,True,1.0,
computer,12328,train,11,"[56, 11, 240, 192]",1,-1,D:\Compressed\archive_3/videos/12328.mp4,True,1.0,
computer,12312,val,38,"[422, 50, 824, 720]",1,-1,D:\Compressed\archive_3/videos/12312.mp4,True,0.53125,
computer,12311,train,56,"[27, 0, 313, 240]",1,-1,D:\Compressed\archive_3/videos/12311.mp4,True,0.4375,
computer,12338,train,41,"[221, 42, 501, 400]",1,-1,D:\Compressed\archive_3/videos/12338.mp4,True,0.5625,
computer,12313,train,38,"[409, 51, 833, 720]",1,-1,D:\Compressed\archive_3/videos/12313.mp4,True,0.625,
computer,12314,train,4,"[257, 38, 1684, 1080]",1,-1,D:\Compressed\archive_3/videos/12314.mp4,True,0.84375,
computer,12315,val,4,"[436, 35, 1765, 1080]",1,-1,D:\Compressed\archive_3/videos/12315.mp4,True,0.9375,
computer,12316,train,4,"[412, 18, 1698, 1080]",1,-1,D:\Compressed\archive_3/videos/12316.mp4,True,0.8125,
computer,12317,train,4,"[473, 44, 1708, 1080]",1,-1,D:\Compressed\archive_3/videos/12317.mp4,True,0.90625,
computer,12318,train,4,"[365, 45, 1673, 1080]",1,-1,D:\Compressed\archive_3/videos/12318.mp4,True,0.84375,
computer,12319,train,45,"[494, 99, 1414, 1077]",1,-1,D:\Compressed\archive_3/videos/12319.mp4,True,0.6875,
computer,12320,test,59,"[74, 19, 565, 480]",1,-1,D:\Compressed\archive_3/videos/12320.mp4,True,0.5625,
computer,12326,val,11,"[69, 9, 214, 192]",1,-1,D:\Compressed\archive_3/videos/12326.mp4,True,1.0,
computer,12327,train,11,"[63, 0, 218, 192]",1,-1,D:\Compressed\archive_3/videos/12327.mp4,True,1.0,
go,69345,val,118,"[268, 38, 898, 720]",1,-1,D:\Compressed\archive_3/videos/69345.mp4,True,0.59375,
go,24955,train,10,"[79, 22, 201, 192]",1,-1,D:\Compressed\archive_3/videos/24955.mp4,True,1.0,
go,24956,train,10,"[81, 22, 199, 192]",1,-1,D:\Compressed\archive_3/videos/24956.mp4,True,1.0,
go,24941,train,36,"[187, 18, 526, 414]",1,-1,D:\Compressed\archive_3/videos/24941.mp4,True,0.46875,
go,24960,test,10,"[78, 25, 214, 192]",1,-1,D:\Compressed\archive_3/videos/24960.mp4,True,1.0,
go,24961,train,10,"[78, 25, 214, 192]",1,-1,D:\Compressed\archive_3/videos/24961.mp4,True,1.0,
go,24962,train,10,"[88, 25, 217, 192]",1,-1,D:\Compressed\archive_3/videos/24962.mp4,True,1.0,
go,65824,train,94,"[149, 9, 591, 370]",1,-1,D:\Compressed\archive_3/videos/65824.mp4,True,0.65625,
go,24973,train,41,"[229, 42, 573, 400]",1,-1,D:\Compressed\archive_3/videos/24973.mp4,True,0.34375,
go,24943,train,52,"[283, 19, 812, 480]",1,-1,D:\Compressed\archive_3/videos/24943.mp4,True,0.65625,
go,24946,val,31,"[607, 62, 1534, 1075]",1,-1,D:\Compressed\archive_3/videos/24946.mp4,True,0.78125,
go,24947,train,21,"[58, 2, 557, 480]",1,-1,D:\Compressed\archive_3/videos/24947.mp4,True,0.59375,
go,24940,train,0,"[37, 1, 284, 240]",1,-1,D:\Compressed\archive_3/videos/24940.mp4,True,0.40625,
go,24952,val,10,"[32, 14, 204, 192]",1,-1,D:\Compressed\archive_3/videos/24952.mp4,True,1.0,
go,24954,train,10,"[79, 22, 201, 192]",1,-1,D:\Compressed\archive_3/videos/24954.mp4,True,1.0,
who,69534,train,118,"[381, 45, 868, 720]",1,-1,D:\Compressed\archive_3/videos/69534.mp4,True,0.59375,
who,63242,train,12,"[188, 55, 546, 400]",1,-1,D:\Compressed\archive_3/videos/63242.mp4,True,0.375,
who,63226,test,36,"[235, 15, 526, 414]",1,-1,D:\Compressed\archive_3/videos/63226.mp4,True,0.375,
who,63227,train,6,"[687, 96, 1421, 1080]",1,-1,D:\Compressed\archive_3/videos/63227.mp4,True,0.75,
who,63228,train,6,"[693, 88, 1401, 1080]",1,-1,D:\Compressed\archive_3/videos/63228.mp4,True,0.8125,
who,63229,val,4,"[655, 72, 1505, 1071]",1,-1,D:\Compressed\archive_3/videos/63229.mp4,True,0.4375,
who,63230,val,46,"[342, 20, 1162, 1080]",1,-1,D:\Compressed\archive_3/videos/63230.mp4,True,0.46875,
who,63231,train,13,"[128, 8, 517, 480]",1,-1,D:\Compressed\archive_3/videos/63231.mp4,True,0.78125,
who,66778,train,88,"[165, 4, 472, 370]",1,-1,D:\Compressed\archive_3/videos/66778.mp4,True,0.59375,
who,63232,train,59,"[112, 28, 507, 480]",1,-1,D:\Compressed\archive_3/videos/63232.mp4,True,0.46875,
who,66779,train,88,"[167, 3, 471, 370]",1,-1,D:\Compressed\archive_3/videos/66779.mp4,True,0.53125,
who,63225,train,42,"[35, 0, 293, 240]",1,-1,D:\Compressed\archive_3/videos/63225.mp4,True,0.34375,
who,63236,train,11,"[81, 19, 207, 192]",1,-1,D:\Compressed\archive_3/videos/63236.mp4,True,1.0,
who,63237,val,11,"[82, 17, 212, 192]",1,-1,D:\Compressed\archive_3/videos/63237.mp4,True,1.0,
help,69364,val,115,"[605, 64, 1417, 1080]",1,-1,D:\Compressed\archive_3/videos/69364.mp4,True,0.71875,
help,27221,train,12,"[198, 56, 563, 400]",1,-1,D:\Compressed\archive_3/videos/27221.mp4,True,0.5,
help,27206,train,36,"[211, 16, 525, 414]",1,-1,D:\Compressed\archive_3/videos/27206.mp4,True,0.5625,
help,27207,train,4,"[665, 54, 1608, 1080]",1,-1,D:\Compressed\archive_3/videos/27207.mp4,True,0.8125,
help,27208,train,21,"[80, 14, 536, 480]",1,-1,D:\Compressed\archive_3/videos/27208.mp4,True,0.625,
help,27209,test,17,"[66, 20, 607, 480]",1,-1,D:\Compressed\archive_3/videos/27209.mp4,True,0.78125,
help,65890,train,90,"[182, 14, 465, 370]",1,-1,D:\Compressed\archive_3/videos/65890.mp4,True,0.53125,
help,27213,test,10,"[92, 24, 202, 192]",1,-1,D:\Compressed\archive_3/videos/27213.mp4,True,1.0,
help,27214,train,11,"[77, 3, 220, 192]",1,-1,D:\Compressed\archive_3/videos/27214.mp4,True,1.0,
help,65891,val,90,"[188, 14, 463, 370]",1,-1,D:\Compressed\archive_3/videos/65891.mp4,True,0.46875,
help,65889,train,90,"[188, 15, 469, 370]",1,-1,D:\Compressed\archive_3/videos/65889.mp4,True,0.4375,
help,27215,train,11,"[72, 14, 217, 192]",1,-1,D:\Compressed\archive_3/videos/27215.mp4,True,1.0,
help,27216,train,11,"[67, 5, 217, 192]",1,-1,D:\Compressed\archive_3/videos/27216.mp4,True,1.0,
help,27217,train,11,"[61, 12, 213, 192]",1,-1,D:\Compressed\archive_3/videos/27217.mp4,True,1.0,
no,69411,val,118,"[274, 43, 875, 720]",1,-1,D:\Compressed\archive_3/videos/69411.mp4,True,0.65625,
no,38525,test,36,"[223, 12, 525, 414]",1,-1,D:\Compressed\archive_3/videos/38525.mp4,True,0.5,
no,38544,train,41,"[258, 38, 509, 400]",1,-1,D:\Compressed\archive_3/videos/38544.mp4,True,0.3125,
no,38527,train,3,"[777, 24, 1651, 1080]",1,-1,D:\Compressed\archive_3/videos/38527.mp4,True,0.6875,
no,38529,train,13,"[88, 0, 502, 480]",1,-1,D:\Compressed\archive_3/videos/38529.mp4,True,0.71875,
no,38530,train,15,"[138, 36, 517, 480]",1,-1,D:\Compressed\archive_3/videos/38530.mp4,True,0.78125,
no,38532,train,10,"[74, 22, 205, 192]",1,-1,D:\Compressed\archive_3/videos/38532.mp4,True,1.0,
no,38533,val,10,"[83, 17, 215, 192]",1,-1,D:\Compressed\archive_3/videos/38533.mp4,True,1.0,
no,66183,train,102,"[143, 0, 480, 370]",1,-1,D:\Compressed\archive_3/videos/66183.mp4,True,0.375,
no,38524,train,56,"[54, 0, 261, 240]",1,-1,D:\Compressed\archive_3/videos/38524.mp4,True,0.3125,
no,38534,train,11,"[77, 17, 218, 192]",1,-1,D:\Compressed\archive_3/videos/38534.mp4,True,1.0,
yes,69546,val,118,"[214, 41, 881, 720]",1,-1,D:\Compressed\archive_3/videos/69546.mp4,True,0.625,
yes,64287,val,13,"[120, 4, 526, 480]",1,-1,D:\Compressed\archive_3/videos/64287.mp4,True,0.6875,
yes,64284,train,3,"[724, 29, 1675, 1080]",1,-1,D:\Compressed\archive_3/videos/64284.mp4,True,0.65625,
yes,64291,train,10,"[81, 25, 212, 192]",1,-1,D:\Compressed\archive_3/videos/64291.mp4,True,1.0,
yes,64292,train,10,"[79, 23, 212, 192]",1,-1,D:\Compressed\archive_3/videos/64292.mp4,True,1.0,
yes,64293,test,10,"[70, 20, 212, 192]",1,-1,D:\Compressed\archive_3/videos/64293.mp4,True,1.0,
yes,66820,train,88,"[168, 14, 461, 370]",1,-1,D:\Compressed\archive_3/videos/66820.mp4,True,0.59375,
yes,64280,train,28,"[20, 13, 258, 240]",1,-1,D:\Compressed\archive_3/videos/64280.mp4,True,0.4375,
yes,64300,train,41,"[235, 44, 478, 400]",1,-1,D:\Compressed\archive_3/videos/64300.mp4,True,0.5,
yes,64281,train,36,"[222, 13, 524, 414]",1,-1,D:\Compressed\archive_3/videos/64281.mp4,True,0.3125,
yes,64288,train,15,"[143, 25, 514, 480]",1,-1,D:\Compressed\archive_3/videos/64288.mp4,True,0.6875,
finish,21942,val,36,"[232, 15, 533, 414]",1,-1,D:\Compressed\archive_3/videos/21942.mp4,True,0.5,
finish,21943,train,32,"[757, 52, 1564, 1080]",1,-1,D:\Compressed\archive_3/videos/21943.mp4,True,0.46875,
finish,21944,test,45,"[734, 126, 1442, 1080]",1,-1,D:\Compressed\archive_3/videos/21944.mp4,True,0.84375,
finish,21945,train,21,"[62, 5, 564, 480]",1,-1,D:\Compressed\archive_3/videos/21945.mp4,True,0.46875,
finish,21949,val,10,"[94, 23, 208, 192]",1,-1,D:\Compressed\archive_3/videos/21949.mp4,True,1.0,
finish,21950,train,11,"[74, 13, 227, 192]",1,-1,D:\Compressed\archive_3/videos/21950.mp4,True,1.0,
finish,65721,train,94,"[136, 14, 521, 370]",1,-1,D:\Compressed\archive_3/videos/65721.mp4,True,0.625,
finish,21941,train,37,"[57, 0, 271, 240]",1,-1,D:\Compressed\archive_3/videos/21941.mp4,True,0.5,
finish,21951,train,11,"[96, 16, 231, 192]",1,-1,D:\Compressed\archive_3/videos/21951.mp4,True,1.0,
like,69389,test,118,"[344, 36, 876, 720]",1,-1,D:\Compressed\archive_3/videos/69389.mp4,True,0.5625,
like,33266,train,8,"[68, 3, 234, 240]",1,-1,D:\Compressed\archive_3/videos/33266.mp4,True,0.5,
like,33285,train,12,"[189, 57, 540, 400]",1,-1,D:\Compressed\archive_3/videos/33285.mp4,True,0.46875,
like,33267,train,38,"[408, 49, 805, 720]",1,-1,D:\Compressed\archive_3/videos/33267.mp4,True,0.5625,
like,33286,test,12,"[184, 61, 541, 400]",1,-1,D:\Compressed\archive_3/videos/33286.mp4,True,0.5,
like,33268,val,60,"[237, 13, 584, 360]",1,-1,D:\Compressed\archive_3/videos/33268.mp4,True,0.59375,
like,33269,train,13,"[132, 0, 506, 477]",1,-1,D:\Compressed\archive_3/videos/33269.mp4,True,0.65625,
like,33270,val,13,"[114, 0, 523, 480]",1,-1,D:\Compressed\archive_3/videos/33270.mp4,True,0.6875,
like,33273,train,11,"[70, 11, 209, 192]",1,-1,D:\Compressed\archive_3/videos/33273.mp4,True,1.0,
like,33274,train,11,"[73, 14, 213, 192]",1,-1,D:\Compressed\archive_3/videos/33274.mp4,True,1.0,
what,69531,val,118,"[155, 34, 1067, 720]",1,-1,D:\Compressed\archive_3/videos/69531.mp4,True,0.53125,
what,62967,test,39,"[766, 98, 1727, 1080]",1,-1,D:\Compressed\archive_3/videos/62967.mp4,True,0.65625,
what,62968,train,32,"[333, 61, 1614, 1080]",1,-1,D:\Compressed\archive_3/videos/62968.mp4,True,0.625,
what,62970,train,13,"[78, 9, 560, 480]",1,-1,D:\Compressed\archive_3/videos/62970.mp4,True,0.625,
what,66769,train,88,"[173, 7, 480, 370]",1,-1,D:\Compressed\archive_3/videos/66769.mp4,True,0.5625,
what,62987,test,12,"[159, 58, 577, 400]",1,-1,D:\Compressed\archive_3/videos/62987.mp4,True,0.3125,
what,62964,train,42,"[50, 0, 280, 240]",1,-1,D:\Compressed\archive_3/videos/62964.mp4,True,0.3125,
what,62988,val,12,"[185, 61, 560, 400]",1,-1,D:\Compressed\archive_3/videos/62988.mp4,True,0.34375,
what,62975,test,10,"[52, 24, 246, 192]",1,-1,D:\Compressed\archive_3/videos/62975.mp4,True,1.0,
what,62965,val,36,"[179, 13, 606, 414]",1,-1,D:\Compressed\archive_3/videos/62965.mp4,True,0.4375,
what,62979,train,11,"[77, 2, 231, 192]",1,-1,D:\Compressed\archive_3/videos/62979.mp4,True,1.0,
what,62966,train,4,"[509, 75, 1631, 1080]",1,-1,D:\Compressed\archive_3/videos/62966.mp4,True,0.78125,
doctor,17015,train,36,"[229, 14, 528, 414]",1,-1,D:\Compressed\archive_3/videos/17015.mp4,True,0.40625,
doctor,17016,val,60,"[351, 18, 756, 480]",1,-1,D:\Compressed\archive_3/videos/17016.mp4,True,0.46875,
doctor,17017,train,21,"[93, 12, 562, 480]",1,-1,D:\Compressed\archive_3/videos/17017.mp4,True,0.53125,
doctor,17019,train,10,"[93, 20, 203, 192]",1,-1,D:\Compressed\archive_3/videos/17019.mp4,True,1.0,
doctor,17020,test,10,"[91, 21, 201, 192]",1,-1,D:\Compressed\archive_3/videos/17020.mp4,True,1.0,
doctor,65503,train,99,"[158, 18, 452, 370]",1,-1,D:\Compressed\archive_3/videos/65503.mp4,True,0.65625,
doctor,65504,train,99,"[146, 16, 458, 370]",1,-1,D:\Compressed\archive_3/videos/65504.mp4,True,0.625,
doctor,17013,train,8,"[57, 0, 231, 240]",1,-1,D:\Compressed\archive_3/videos/17013.mp4,True,0.65625,
doctor,17026,train,12,"[189, 63, 546, 400]",1,-1,D:\Compressed\archive_3/videos/17026.mp4,True,0.46875,
doctor,17014,train,36,"[233, 13, 524, 414]",1,-1,D:\Compressed\archive_3/videos/17014.mp4,True,0.53125,
give,69343,train,115,"[132, 45, 949, 720]",1,-1,D:\Compressed\archive_3/videos/69343.mp4,True,0.75,
give,24660,train,12,"[181, 63, 541, 400]",1,-1,D:\Compressed\archive_3/videos/24660.mp4,True,0.4375,
give,24638,train,45,"[677, 133, 1465, 1062]",1,-1,D:\Compressed\archive_3/videos/24638.mp4,True,0.65625,
give,24639,val,45,"[612, 134, 1464, 1066]",1,-1,D:\Compressed\archive_3/videos/24639.mp4,True,0.75,
give,24640,train,31,"[627, 96, 1364, 1080]",1,-1,D:\Compressed\archive_3/videos/24640.mp4,True,0.6875,
give,24641,val,21,"[79, 8, 572, 480]",1,-1,D:\Compressed\archive_3/videos/24641.mp4,True,0.75,
give,24636,test,35,"[31, 0, 272, 240]",1,-1,D:\Compressed\archive_3/videos/24636.mp4,True,0.375,
give,24648,train,11,"[49, 8, 245, 192]",1,-1,D:\Compressed\archive_3/videos/24648.mp4,True,1.0,
give,24649,test,10,"[89, 19, 219, 192]",1,-1,D:\Compressed\archive_3/videos/24649.mp4,True,1.0,
give,24651,train,11,"[74, 16, 221, 192]",1,-1,D:\Compressed\archive_3/videos/24651.mp4,True,1.0,
meet,35511,train,31,"[589, 67, 1810, 1080]",1,-1,D:\Compressed\archive_3/videos/35511.mp4,True,0.90625,
meet,35512,train,3,"[744, 20, 1666, 1080]",1,-1,D:\Compressed\archive_3/videos/35512.mp4,True,0.65625,
meet,35513,test,13,"[150, 0, 551, 480]",1,-1,D:\Compressed\archive_3/videos/35513.mp4,True,0.625,
meet,35516,train,11,"[55, 18, 218, 192]",1,-1,D:\Compressed\archive_3/videos/35516.mp4,True,1.0,
meet,35517,train,11,"[82, 7, 205, 192]",1,-1,D:\Compressed\archive_3/videos/35517.mp4,True,1.0,
meet,35518,train,11,"[52, 12, 222, 192]",1,-1,D:\Compressed\archive_3/videos/35518.mp4,True,1.0,
meet,66112,val,97,"[170, 28, 474, 370]",1,-1,D:\Compressed\archive_3/videos/66112.mp4,True,0.5,
meet,35509,train,56,"[48, 0, 273, 240]",1,-1,D:\Compressed\archive_3/videos/35509.mp4,True,0.34375,
meet,35523,train,12,"[184, 54, 560, 400]",1,-1,D:\Compressed\archive_3/videos/35523.mp4,True,0.4375,
want,69524,val,118,"[341, 40, 911, 720]",1,-1,D:\Compressed\archive_3/videos/69524.mp4,True,0.46875,
want,62246,train,36,"[239, 13, 528, 414]",1,-1,D:\Compressed\archive_3/videos/62246.mp4,True,0.46875,
want,62247,test,4,"[387, 30, 1043, 720]",1,-1,D:\Compressed\archive_3/videos/62247.mp4,True,0.65625,
want,62248,train,13,"[141, 0, 562, 480]",1,-1,D:\Compressed\archive_3/videos/62248.mp4,True,0.78125,
want,62250,train,11,"[77, 15, 234, 192]",1,-1,D:\Compressed\archive_3/videos/62250.mp4,True,1.0,
want,62251,train,11,"[83, 15, 225, 192]",1,-1,D:\Compressed\archive_3/videos/62251.mp4,True,1.0,
want,62244,val,56,"[51, 0, 272, 240]",1,-1,D:\Compressed\archive_3/videos/62244.mp4,True,0.3125,
want,62259,train,41,"[232, 39, 498, 400]",1,-1,D:\Compressed\archive_3/videos/62259.mp4,True,0.375,
want,62245,train,38,"[416, 57, 807, 720]",1,-1,D:\Compressed\archive_3/videos/62245.mp4,True,0.65625,
work,63806,train,41,"[234, 38, 498, 400]",1,-1,D:\Compressed\archive_3/videos/63806.mp4,True,0.46875,
work,63789,test,2,"[57, 6, 262, 240]",1,-1,D:\Compressed\archive_3/videos/63789.mp4,True,0.4375,
work,63790,train,36,"[217, 13, 531, 414]",1,-1,D:\Compressed\archive_3/videos/63790.mp4,True,0.4375,
work,63791,train,4,"[534, 52, 1589, 1080]",1,-1,D:\Compressed\archive_3/videos/63791.mp4,True,0.84375,
work,63792,train,3,"[501, 0, 1402, 1080]",1,-1,D:\Compressed\archive_3/videos/63792.mp4,True,0.96875,
work,63793,train,13,"[125, 8, 554, 480]",1,-1,D:\Compressed\archive_3/videos/63793.mp4,True,0.71875,
work,63795,val,11,"[75, 14, 206, 192]",1,-1,D:\Compressed\archive_3/videos/63795.mp4,True,1.0,
work,66804,train,88,"[157, 4, 463, 370]",1,-1,D:\Compressed\archive_3/videos/66804.mp4,True,0.53125,
work,63788,val,19,"[94, 4, 250, 180]",1,-1,D:\Compressed\archive_3/videos/63788.mp4,True,0.5625,
work,63799,train,11,"[50, 17, 211, 192]",1,-1,D:\Compressed\archive_3/videos/63799.mp4,True,1.0,
how,69370,test,115,"[378, 49, 894, 720]",1,-1,D:\Compressed\archive_3/videos/69370.mp4,True,0.8125,
how,28205,train,21,"[76, 13, 544, 480]",1,-1,D:\Compressed\archive_3/videos/28205.mp4,True,0.65625,
how,28210,train,11,"[74, 4, 218, 192]",1,-1,D:\Compressed\archive_3/videos/28210.mp4,True,1.0,
how,28201,test,8,"[51, 0, 255, 240]",1,-1,D:\Compressed\archive_3/videos/28201.mp4,True,0.59375,
how,28211,train,11,"[77, 5, 217, 192]",1,-1,D:\Compressed\archive_3/videos/28211.mp4,True,1.0,
how,28214,train,12,"[176, 54, 560, 400]",1,-1,D:\Compressed\archive_3/videos/28214.mp4,True,0.375,
how,28202,train,36,"[223, 16, 527, 414]",1,-1,D:\Compressed\archive_3/videos/28202.mp4,True,0.59375,
how,28203,val,36,"[195, 15, 548, 414]",1,-1,D:\Compressed\archive_3/videos/28203.mp4,True,0.53125,
how,28204,train,46,"[634, 35, 1554, 1080]",1,-1,D:\Compressed\archive_3/videos/28204.mp4,True,0.53125,
tell,57278,test,13,"[134, 0, 506, 480]",1,-1,D:\Compressed\archive_3/videos/57278.mp4,True,0.6875,
tell,57282,val,11,"[74, 9, 216, 192]",1,-1,D:\Compressed\archive_3/videos/57282.mp4,True,1.0,
tell,57283,train,11,"[62, 17, 218, 192]",1,-1,D:\Compressed\archive_3/videos/57283.mp4,True,1.0,
tell,57284,train,11,"[80, 14, 228, 192]",1,-1,D:\Compressed\archive_3/videos/57284.mp4,True,1.0,
tell,57285,val,11,"[69, 11, 209, 192]",1,-1,D:\Compressed\archive_3/videos/57285.mp4,True,1.0,
tell,57276,train,0,"[62, 6, 245, 240]",1,-1,D:\Compressed\archive_3/videos/57276.mp4,True,0.3125,
tell,57286,train,11,"[73, 13, 209, 192]",1,-1,D:\Compressed\archive_3/videos/57286.mp4,True,1.0,
tell,57287,train,11,"[76, 11, 211, 192]",1,-1,D:\Compressed\archive_3/videos/57287.mp4,True,1.0,
tell,57291,train,12,"[186, 52, 541, 400]",1,-1,D:\Compressed\archive_3/videos/57291.mp4,True,0.375,
tell,57277,train,6,"[794, 68, 1572, 1080]",1,-1,D:\Compressed\archive_3/videos/57277.mp4,True,0.65625,
wait,62113,test,12,"[202, 52, 558, 400]",1,-1,D:\Compressed\archive_3/videos/62113.mp4,True,0.46875,
wait,62098,train,38,"[420, 50, 823, 720]",1,-1,D:\Compressed\archive_3/videos/62098.mp4,True,0.75,
wait,62100,train,60,"[330, 19, 761, 480]",1,-1,D:\Compressed\archive_3/videos/62100.mp4,True,0.53125,
wait,62101,train,32,"[690, 68, 1621, 1080]",1,-1,D:\Compressed\archive_3/videos/62101.mp4,True,0.75,
wait,62102,val,6,"[553, 73, 1410, 1080]",1,-1,D:\Compressed\archive_3/videos/62102.mp4,True,0.78125,
wait,62103,train,13,"[149, 0, 551, 480]",1,-1,D:\Compressed\archive_3/videos/62103.mp4,True,0.6875,
wait,62106,train,11,"[83, 18, 210, 192]",1,-1,D:\Compressed\archive_3/videos/62106.mp4,True,1.0,
wait,66740,train,107,"[194, 30, 517, 370]",1,-1,D:\Compressed\archive_3/videos/66740.mp4,True,0.40625,
wait,62097,train,56,"[49, 0, 279, 240]",1,-1,D:\Compressed\archive_3/videos/62097.mp4,True,0.3125,
wait,62107,train,11,"[61, 9, 208, 192]",1,-1,D:\Compressed\archive_3/videos/62107.mp4,True,1.0,
sick,69470,test,118,"[250, 30, 912, 720]",1,-1,D:\Compressed\archive_3/videos/69470.mp4,True,0.5625,
sick,51517,val,12,"[170, 58, 552, 400]",1,-1,D:\Compressed\archive_3/videos/51517.mp4,True,0.46875,
sick,51502,train,38,"[375, 52, 829, 720]",1,-1,D:\Compressed\archive_3/videos/51502.mp4,True,0.5,
sick,51503,train,60,"[321, 24, 791, 480]",1,-1,D:\Compressed\archive_3/videos/51503.mp4,True,0.53125,
sick,51504,train,13,"[77, 0, 604, 480]",1,-1,D:\Compressed\archive_3/videos/51504.mp4,True,0.53125,
sick,51507,train,11,"[50, 0, 234, 192]",1,-1,D:\Compressed\archive_3/videos/51507.mp4,True,1.0,
sick,66475,train,103,"[155, 21, 499, 370]",1,-1,D:\Compressed\archive_3/videos/66475.mp4,True,0.5625,
sick,51501,train,63,"[40, 0, 283, 240]",1,-1,D:\Compressed\archive_3/videos/51501.mp4,True,0.4375,
take,69500,train,115,"[166, 43, 952, 720]",1,-1,D:\Compressed\archive_3/videos/69500.mp4,True,0.53125,
take,56698,train,11,"[84, 3, 224, 192]",1,-1,D:\Compressed\archive_3/videos/56698.mp4,True,1.0,
take,56699,train,11,"[75, 7, 218, 192]",1,-1,D:\Compressed\archive_3/videos/56699.mp4,True,1.0,
take,56700,train,11,"[65, 14, 223, 192]",1,-1,D:\Compressed\archive_3/videos/56700.mp4,True,1.0,
take,56701,test,11,"[66, 17, 220, 192]",1,-1,D:\Compressed\archive_3/videos/56701.mp4,True,1.0,
take,56692,train,0,"[50, 14, 246, 240]",1,-1,D:\Compressed\archive_3/videos/56692.mp4,True,0.46875,
take,56702,val,11,"[67, 13, 219, 192]",1,-1,D:\Compressed\archive_3/videos/56702.mp4,True,1.0,
take,56704,train,12,"[177, 46, 579, 400]",1,-1,D:\Compressed\archive_3/videos/56704.mp4,True,0.40625,
take,56705,val,12,"[196, 52, 574, 400]",1,-1,D:\Compressed\archive_3/videos/56705.mp4,True,0.375,
take,56693,test,38,"[432, 53, 827, 720]",1,-1,D:\Compressed\archive_3/videos/56693.mp4,True,0.5,
take,56694,train,13,"[130, 0, 578, 480]",1,-1,D:\Compressed\archive_3/videos/56694.mp4,True,0.59375,
yesterday,64307,train,46,"[316, 26, 1253, 1080]",1,-1,D:\Compressed\archive_3/videos/64307.mp4,True,0.71875,
yesterday,64308,val,31,"[781, 118, 1632, 1079]",1,-1,D:\Compressed\archive_3/videos/64308.mp4,True,0.71875,
yesterday,64309,train,13,"[117, 5, 528, 480]",1,-1,D:\Compressed\archive_3/videos/64309.mp4,True,0.71875,
yesterday,64311,train,10,"[40, 14, 210, 192]",1,-1,D:\Compressed\archive_3/videos/64311.mp4,True,1.0,
yesterday,66821,train,88,"[134, 11, 461, 370]",1,-1,D:\Compressed\archive_3/videos/66821.mp4,True,0.46875,
yesterday,66822,train,88,"[139, 12, 462, 370]",1,-1,D:\Compressed\archive_3/videos/66822.mp4,True,0.53125,
yesterday,64315,train,41,"[231, 44, 482, 400]",1,-1,D:\Compressed\archive_3/videos/64315.mp4,True,0.5,
yesterday,64304,test,42,"[39, 0, 278, 240]",1,-1,D:\Compressed\archive_3/videos/64304.mp4,True,0.4375,
yesterday,64305,train,38,"[386, 42, 811, 720]",1,-1,D:\Compressed\archive_3/videos/64305.mp4,True,0.625,
yesterday,64306,train,38,"[387, 51, 800, 720]",1,-1,D:\Compressed\archive_3/videos/64306.mp4,True,0.625,
bad,69219,test,118,"[327, 41, 877, 720]",1,-1,D:\Compressed\archive_3/videos/69219.mp4,True,0.5625,
bad,04709,train,36,"[212, 16, 522, 414]",1,-1,D:\Compressed\archive_3/videos/04709.mp4,True,0.4375,
bad,04712,train,4,"[739, 67, 1637, 1080]",1,-1,D:\Compressed\archive_3/videos/04712.mp4,True,0.71875,
bad,04713,train,52,"[231, 7, 579, 360]",1,-1,D:\Compressed\archive_3/videos/04713.mp4,True,0.59375,
bad,04715,val,13,"[128, 31, 538, 480]",1,-1,D:\Compressed\archive_3/videos/04715.mp4,True,0.625,
bad,04717,val,11,"[61, 16, 211, 192]",1,-1,D:\Compressed\archive_3/videos/04717.mp4,True,1.0,
bad,65125,train,88,"[166, 4, 477, 370]",1,-1,D:\Compressed\archive_3/videos/65125.mp4,True,0.5,
bad,04708,train,2,"[65, 11, 258, 240]",1,-1,D:\Compressed\archive_3/videos/04708.mp4,True,0.40625,
bad,04718,train,11,"[75, 15, 238, 192]",1,-1,D:\Compressed\archive_3/videos/04718.mp4,True,1.0,
bad,04723,train,12,"[164, 49, 523, 400]",1,-1,D:\Compressed\archive_3/videos/04723.mp4,True,0.375,
buy,69255,test,115,"[512, 62, 1374, 1080]",1,-1,D:\Compressed\archive_3/videos/69255.mp4,True,0.71875,
buy,08488,train,11,"[68, 14, 215, 192]",1,-1,D:\Compressed\archive_3/videos/08488.mp4,True,1.0,
buy,65282,val,93,"[178, 40, 483, 370]",1,-1,D:\Compressed\archive_3/videos/65282.mp4,True,0.375,
buy,08482,train,26,"[55, 0, 265, 240]",1,-1,D:\Compressed\archive_3/videos/08482.mp4,True,0.4375,
buy,08492,train,41,"[231, 40, 486, 400]",1,-1,D:\Compressed\archive_3/videos/08492.mp4,True,0.5,
buy,08483,train,36,"[210, 16, 527, 414]",1,-1,D:\Compressed\archive_3/videos/08483.mp4,True,0.46875,
buy,08484,val,32,"[720, 71, 1645, 1080]",1,-1,D:\Compressed\archive_3/videos/08484.mp4,True,0.78125,
buy,08485,train,31,"[441, 65, 911, 720]",1,-1,D:\Compressed\archive_3/videos/08485.mp4,True,0.65625,
buy,08486,train,59,"[74, 28, 524, 480]",1,-1,D:\Compressed\archive_3/videos/08486.mp4,True,0.5625,
call,65290,train,90,"[169, 13, 457, 370]",1,-1,D:\Compressed\archive_3/videos/65290.mp4,True,0.4375,
call,08706,test,11,"[67, 11, 215, 192]",1,-1,D:\Compressed\archive_3/videos/08706.mp4,True,1.0,
call,08707,val,11,"[51, 14, 208, 192]",1,-1,D:\Compressed\archive_3/videos/08707.mp4,True,1.0,
call,65556,train,104,"[153, 6, 467, 370]",1,-1,D:\Compressed\archive_3/videos/65556.mp4,True,0.46875,
call,08713,train,12,"[162, 51, 538, 400]",1,-1,D:\Compressed\archive_3/videos/08713.mp4,True,0.375,
call,08689,train,4,"[523, 23, 1639, 1080]",1,-1,D:\Compressed\archive_3/videos/08689.mp4,True,0.6875,
call,08690,train,31,"[741, 149, 1483, 1080]",1,-1,D:\Compressed\archive_3/videos/08690.mp4,True,0.6875,
call,08691,train,59,"[96, 17, 536, 480]",1,-1,D:\Compressed\archive_3/videos/08691.mp4,True,0.5,
call,08692,train,17,"[22, 19, 586, 480]",1,-1,D:\Compressed\archive_3/videos/08692.mp4,True,0.71875,
call,08694,val,15,"[85, 23, 532, 480]",1,-1,D:\Compressed\archive_3/videos/08694.mp4,True,0.53125,
call,08701,test,11,"[57, 13, 216, 192]",1,-1,D:\Compressed\archive_3/videos/08701.mp4,True,1.0,
call,08702,train,11,"[75, 14, 229, 192]",1,-1,D:\Compressed\archive_3/videos/08702.mp4,True,1.0,
cold,65377,test,99,"[129, 16, 476, 370]",1,-1,D:\Compressed\archive_3/videos/65377.mp4,True,0.5625,
cold,11638,test,12,"[180, 57, 551, 400]",1,-1,D:\Compressed\archive_3/videos/11638.mp4,True,0.375,
cold,11622,train,36,"[210, 16, 540, 414]",1,-1,D:\Compressed\archive_3/videos/11622.mp4,True,0.53125,
cold,11623,train,52,"[380, 16, 825, 480]",1,-1,D:\Compressed\archive_3/videos/11623.mp4,True,0.5625,
cold,11624,train,6,"[593, 70, 1468, 1080]",1,-1,D:\Compressed\archive_3/videos/11624.mp4,True,0.75,
cold,11625,val,39,"[624, 133, 1621, 1072]",1,-1,D:\Compressed\archive_3/videos/11625.mp4,True,0.84375,
cold,11627,train,4,"[411, 31, 1128, 720]",1,-1,D:\Compressed\archive_3/videos/11627.mp4,True,0.84375,
cold,11628,val,59,"[116, 29, 513, 480]",1,-1,D:\Compressed\archive_3/videos/11628.mp4,True,0.5625,
cold,11621,train,56,"[59, 16, 263, 240]",1,-1,D:\Compressed\archive_3/videos/11621.mp4,True,0.34375,
cold,11633,train,10,"[88, 22, 216, 192]",1,-1,D:\Compressed\archive_3/videos/11633.mp4,True,1.0,
cold,11634,val,10,"[65, 21, 233, 192]",1,-1,D:\Compressed\archive_3/videos/11634.mp4,True,1.0,
cold,11635,train,11,"[79, 16, 221, 192]",1,-1,D:\Compressed\archive_3/videos/11635.mp4,True,1.0,
good,69347,train,118,"[363, 43, 868, 720]",1,-1,D:\Compressed\archive_3/videos/69347.mp4,True,0.59375,
good,25072,test,11,"[79, 10, 216, 192]",1,-1,D:\Compressed\archive_3/videos/25072.mp4,True,1.0,
good,25073,train,11,"[77, 16, 217, 192]",1,-1,D:\Compressed\archive_3/videos/25073.mp4,True,1.0,
good,65835,val,94,"[165, 19, 451, 370]",1,-1,D:\Compressed\archive_3/videos/65835.mp4,True,0.65625,
good,25066,train,8,"[69, 0, 250, 240]",1,-1,D:\Compressed\archive_3/videos/25066.mp4,True,0.625,
good,25076,train,41,"[244, 43, 499, 400]",1,-1,D:\Compressed\archive_3/videos/25076.mp4,True,0.40625,
good,25067,train,36,"[224, 16, 519, 414]",1,-1,D:\Compressed\archive_3/videos/25067.mp4,True,0.4375,
good,25068,train,52,"[287, 11, 778, 480]",1,-1,D:\Compressed\archive_3/videos/25068.mp4,True,0.40625,
good,25069,train,4,"[759, 56, 1660, 1080]",1,-1,D:\Compressed\archive_3/videos/25069.mp4,True,0.71875,
good,25070,test,21,"[87, 8, 536, 480]",1,-1,D:\Compressed\archive_3/videos/25070.mp4,True,0.8125,
happy,26530,train,10,"[66, 15, 210, 192]",1,-1,D:\Compressed\archive_3/videos/26530.mp4,True,1.0,
happy,26531,val,10,"[67, 13, 230, 192]",1,-1,D:\Compressed\archive_3/videos/26531.mp4,True,1.0,
happy,26532,train,10,"[59, 14, 234, 192]",1,-1,D:\Compressed\archive_3/videos/26532.mp4,True,1.0,
happy,26524,train,37,"[42, 3, 276, 240]",1,-1,D:\Compressed\archive_3/videos/26524.mp4,True,0.6875,
happy,26537,train,12,"[146, 53, 540, 400]",1,-1,D:\Compressed\archive_3/videos/26537.mp4,True,0.4375,
happy,26525,test,36,"[194, 16, 518, 414]",1,-1,D:\Compressed\archive_3/videos/26525.mp4,True,0.5625,
happy,26526,train,46,"[254, 0, 892, 720]",1,-1,D:\Compressed\archive_3/videos/26526.mp4,True,0.65625,
happy,26527,train,21,"[47, 18, 516, 480]",1,-1,D:\Compressed\archive_3/videos/26527.mp4,True,0.59375,
problem,44684,test,13,"[111, 0, 610, 480]",1,-1,D:\Compressed\archive_3/videos/44684.mp4,True,0.75,
problem,44686,train,11,"[55, 14, 218, 192]",1,-1,D:\Compressed\archive_3/videos/44686.mp4,True,1.0,
problem,44687,train,11,"[42, 12, 231, 192]",1,-1,D:\Compressed\archive_3/videos/44687.mp4,True,1.0,
problem,66335,val,93,"[134, 22, 495, 370]",1,-1,D:\Compressed\archive_3/videos/66335.mp4,True,0.59375,
problem,44680,train,19,"[76, 7, 233, 180]",1,-1,D:\Compressed\archive_3/videos/44680.mp4,True,0.46875,
problem,44691,val,12,"[179, 53, 554, 400]",1,-1,D:\Compressed\archive_3/videos/44691.mp4,True,0.46875,
problem,44681,train,0,"[54, 10, 258, 240]",1,-1,D:\Compressed\archive_3/videos/44681.mp4,True,0.46875,
problem,44682,train,4,"[519, 55, 1768, 1080]",1,-1,D:\Compressed\archive_3/videos/44682.mp4,True,0.84375,
problem,44683,train,31,"[658, 144, 1510, 1080]",1,-1,D:\Compressed\archive_3/videos/44683.mp4,True,0.75,
soon,53295,train,4,"[620, 49, 1564, 1080]",1,-1,D:\Compressed\archive_3/videos/53295.mp4,True,0.875,
soon,53296,test,13,"[132, 0, 579, 480]",1,-1,D:\Compressed\archive_3/videos/53296.mp4,True,0.65625,
soon,53300,train,10,"[83, 23, 214, 192]",1,-1,D:\Compressed\archive_3/videos/53300.mp4,True,1.0,
soon,53301,train,11,"[69, 14, 214, 192]",1,-1,D:\Compressed\archive_3/videos/53301.mp4,True,1.0,
soon,66533,val,108,"[181, 45, 458, 370]",1,-1,D:\Compressed\archive_3/videos/66533.mp4,True,0.5625,
soon,66534,train,108,"[185, 41, 457, 370]",1,-1,D:\Compressed\archive_3/videos/66534.mp4,True,0.65625,
soon,53292,test,63,"[52, 0, 241, 240]",1,-1,D:\Compressed\archive_3/videos/53292.mp4,True,0.53125,
soon,53304,train,12,"[191, 54, 568, 400]",1,-1,D:\Compressed\archive_3/videos/53304.mp4,True,0.46875,
soon,53305,train,12,"[190, 61, 572, 400]",1,-1,D:\Compressed\archive_3/videos/53305.mp4,True,0.375,
soon,53294,val,45,"[437, 129, 1472, 1080]",1,-1,D:\Compressed\archive_3/videos/53294.mp4,True,0.71875,
stay,54561,train,11,"[36, 5, 219, 192]",1,-1,D:\Compressed\archive_3/videos/54561.mp4,True,1.0,
stay,54562,val,11,"[63, 6, 216, 192]",1,-1,D:\Compressed\archive_3/videos/54562.mp4,True,1.0,
stay,54563,train,11,"[35, 10, 208, 192]",1,-1,D:\Compressed\archive_3/videos/54563.mp4,True,1.0,
stay,54554,train,63,"[48, 0, 240, 240]",1,-1,D:\Compressed\archive_3/videos/54554.mp4,True,0.46875,
stay,54567,train,41,"[232, 35, 484, 400]",1,-1,D:\Compressed\archive_3/videos/54567.mp4,True,0.625,
stay,54555,test,4,"[500, 52, 1686, 1080]",1,-1,D:\Compressed\archive_3/videos/54555.mp4,True,0.875,
stay,54556,train,45,"[532, 127, 1539, 1072]",1,-1,D:\Compressed\archive_3/videos/54556.mp4,True,0.5,
stay,54557,train,31,"[658, 58, 1634, 1080]",1,-1,D:\Compressed\archive_3/videos/54557.mp4,True,0.875,
stay,54558,val,13,"[79, 0, 527, 480]",1,-1,D:\Compressed\archive_3/videos/54558.mp4,True,0.75,
girl,69342,train,118,"[337, 38, 876, 720]",1,-1,D:\Compressed\archive_3/videos/69342.mp4,True,0.46875,
girl,24614,train,12,"[174, 64, 541, 400]",1,-1,D:\Compressed\archive_3/videos/24614.mp4,True,0.34375,
girl,65817,train,94,"[144, 19, 452, 370]",1,-1,D:\Compressed\archive_3/videos/65817.mp4,True,0.625,
girl,24605,train,37,"[69, 0, 241, 240]",1,-1,D:\Compressed\archive_3/videos/24605.mp4,True,0.5625,
girl,24606,test,36,"[230, 16, 519, 414]",1,-1,D:\Compressed\archive_3/videos/24606.mp4,True,0.34375,
girl,24607,val,27,"[814, 70, 1748, 1067]",1,-1,D:\Compressed\archive_3/videos/24607.mp4,True,0.71875,
girl,24608,test,32,"[758, 80, 1487, 1080]",1,-1,D:\Compressed\archive_3/videos/24608.mp4,True,0.65625,
girl,24609,train,21,"[83, 10, 531, 480]",1,-1,D:\Compressed\archive_3/videos/24609.mp4,True,0.625,
girl,24611,train,11,"[74, 12, 229, 192]",1,-1,D:\Compressed\archive_3/videos/24611.mp4,True,1.0,
more,69401,train,115,"[381, 52, 901, 720]",1,-1,D:\Compressed\archive_3/videos/69401.mp4,True,0.71875,
more,36830,val,13,"[151, 0, 537, 480]",1,-1,D:\Compressed\archive_3/videos/36830.mp4,True,0.65625,
more,36834,train,11,"[71, 5, 216, 192]",1,-1,D:\Compressed\archive_3/videos/36834.mp4,True,1.0,
more,36836,train,11,"[62, 10, 236, 192]",1,-1,D:\Compressed\archive_3/videos/36836.mp4,True,1.0,
more,36840,test,12,"[186, 49, 540, 400]",1,-1,D:\Compressed\archive_3/videos/36840.mp4,True,0.40625,
more,36827,train,2,"[96, 29, 253, 240]",1,-1,D:\Compressed\archive_3/videos/36827.mp4,True,0.5625,
more,36828,train,36,"[205, 18, 548, 414]",1,-1,D:\Compressed\archive_3/videos/36828.mp4,True,0.5,
more,36829,train,52,"[358, 14, 814, 480]",1,-1,D:\Compressed\archive_3/videos/36829.mp4,True,0.53125,
office,39460,train,13,"[95, 0, 543, 480]",1,-1,D:\Compressed\archive_3/videos/39460.mp4,True,0.75,
office,39462,train,10,"[71, 16, 218, 192]",1,-1,D:\Compressed\archive_3/videos/39462.mp4,True,1.0,
office,39463,train,10,"[75, 16, 224, 192]",1,-1,D:\Compressed\archive_3/videos/39463.mp4,True,1.0,
office,66224,val,97,"[177, 29, 459, 370]",1,-1,D:\Compressed\archive_3/videos/66224.mp4,True,0.625,
office,39456,train,0,"[53, 1, 254, 240]",1,-1,D:\Compressed\archive_3/videos/39456.mp4,True,0.375,
office,39468,train,12,"[206, 57, 555, 400]",1,-1,D:\Compressed\archive_3/videos/39468.mp4,True,0.40625,
office,39457,test,36,"[129, 15, 584, 414]",1,-1,D:\Compressed\archive_3/videos/39457.mp4,True,0.59375,
office,39458,val,4,"[447, 52, 1665, 1080]",1,-1,D:\Compressed\archive_3/videos/39458.mp4,True,0.65625,
office,39459,train,4,"[285, 28, 1125, 720]",1,-1,D:\Compressed\archive_3/videos/39459.mp4,True,0.6875,
baby,69217,train,116,"[337, 23, 963, 720]",1,-1,D:\Compressed\archive_3/videos/69217.mp4,True,0.5625,
baby,04514,train,12,"[172, 48, 591, 400]",1,-1,D:\Compressed\archive_3/videos/04514.mp4,True,0.53125,
baby,65119,train,88,"[159, 2, 500, 370]",1,-1,D:\Compressed\archive_3/videos/65119.mp4,True,0.59375,
baby,04505,train,2,"[45, 1, 255, 240]",1,-1,D:\Compressed\archive_3/videos/04505.mp4,True,0.5,
baby,04506,train,36,"[186, 21, 578, 414]",1,-1,D:\Compressed\archive_3/videos/04506.mp4,True,0.84375,
baby,04507,test,4,"[632, 59, 1521, 1080]",1,-1,D:\Compressed\archive_3/videos/04507.mp4,True,0.625,
baby,04508,val,4,"[492, 63, 1586, 1080]",1,-1,D:\Compressed\archive_3/videos/04508.mp4,True,0.75,
baby,04511,train,11,"[71, 16, 237, 192]",1,-1,D:\Compressed\archive_3/videos/04511.mp4,True,1.0,
sad,69450,train,118,"[261, 38, 957, 720]",1,-1,D:\Compressed\archive_3/videos/69450.mp4,True,0.5625,
sad,48976,train,13,"[141, 0, 544, 480]",1,-1,D:\Compressed\archive_3/videos/48976.mp4,True,0.71875,
sad,48978,train,11,"[78, 14, 226, 192]",1,-1,D:\Compressed\archive_3/videos/48978.mp4,True,1.0,
sad,48971,train,63,"[54, 0, 266, 240]",1,-1,D:\Compressed\archive_3/videos/48971.mp4,True,0.4375,
sad,48983,val,12,"[200, 45, 567, 400]",1,-1,D:\Compressed\archive_3/videos/48983.mp4,True,0.4375,
sad,48972,test,36,"[228, 13, 534, 414]",1,-1,D:\Compressed\archive_3/videos/48972.mp4,True,0.59375,
sad,48973,train,32,"[465, 29, 1103, 720]",1,-1,D:\Compressed\archive_3/videos/48973.mp4,True,0.75,
sad,48974,train,46,"[429, 7, 1282, 1080]",1,-1,D:\Compressed\archive_3/videos/48974.mp4,True,0.65625,
today,69512,train,118,"[285, 41, 957, 720]",1,-1,D:\Compressed\archive_3/videos/69512.mp4,True,0.5625,
today,58684,val,11,"[64, 12, 213, 192]",1,-1,D:\Compressed\archive_3/videos/58684.mp4,True,1.0,
today,58687,train,12,"[182, 57, 554, 400]",1,-1,D:\Compressed\archive_3/videos/58687.mp4,True,0.34375,
today,58677,train,28,"[54, 0, 277, 240]",1,-1,D:\Compressed\archive_3/videos/58677.mp4,True,0.625,
today,58678,train,38,"[373, 44, 797, 720]",1,-1,D:\Compressed\archive_3/videos/58678.mp4,True,0.8125,
today,58679,test,13,"[121, 0, 568, 480]",1,-1,D:\Compressed\archive_3/videos/58679.mp4,True,0.6875,
today,58681,test,11,"[45, 12, 229, 192]",1,-1,D:\Compressed\archive_3/videos/58681.mp4,True,1.0,
today,58682,train,11,"[78, 20, 219, 192]",1,-1,D:\Compressed\archive_3/videos/58682.mp4,True,1.0,
today,58683,train,11,"[86, 19, 231, 192]",1,-1,D:\Compressed\archive_3/videos/58683.mp4,True,1.0,
when,69532,train,118,"[286, 40, 894, 720]",1,-1,D:\Compressed\archive_3/videos/69532.mp4,True,0.625,
when,63072,train,11,"[77, 16, 204, 192]",1,-1,D:\Compressed\archive_3/videos/63072.mp4,True,1.0,
when,66773,train,88,"[178, 6, 485, 370]",1,-1,D:\Compressed\archive_3/videos/66773.mp4,True,0.46875,
when,63066,train,0,"[48, 8, 253, 240]",1,-1,D:\Compressed\archive_3/videos/63066.mp4,True,0.4375,
when,63077,val,12,"[200, 62, 570, 400]",1,-1,D:\Compressed\archive_3/videos/63077.mp4,True,0.4375,
when,63067,test,36,"[209, 16, 530, 414]",1,-1,D:\Compressed\archive_3/videos/63067.mp4,True,0.59375,
when,63069,train,31,"[708, 62, 1739, 1079]",1,-1,D:\Compressed\archive_3/videos/63069.mp4,True,0.875,
when,63070,train,13,"[103, 3, 535, 480]",1,-1,D:\Compressed\archive_3/videos/63070.mp4,True,0.6875,
scared,49483,train,11,"[59, 15, 232, 192]",1,-1,D:\Compressed\archive_3/videos/49483.mp4,True,1.0,
scared,66432,train,99,"[205, 36, 505, 370]",1,-1,D:\Compressed\archive_3/videos/66432.mp4,True,0.53125,
scared,49477,train,0,"[56, 13, 259, 240]",1,-1,D:\Compressed\archive_3/videos/49477.mp4,True,0.40625,
scared,49487,train,41,"[209, 37, 533, 400]",1,-1,D:\Compressed\archive_3/videos/49487.mp4,True,0.4375,
scared,49478,train,38,"[351, 56, 815, 720]",1,-1,D:\Compressed\archive_3/videos/49478.mp4,True,0.5625,
scared,49479,test,4,"[447, 34, 1680, 1080]",1,-1,D:\Compressed\archive_3/videos/49479.mp4,True,0.71875,
scared,49480,train,13,"[145, 0, 558, 480]",1,-1,D:\Compressed\archive_3/videos/49480.mp4,True,0.5625,
scared,49482,val,11,"[72, 3, 236, 192]",1,-1,D:\Compressed\archive_3/videos/49482.mp4,True,1.0,
watch,62458,test,12,"[200, 55, 557, 400]",1,-1,D:\Compressed\archive_3/videos/62458.mp4,True,0.375,
watch,62440,val,6,"[725, 79, 1557, 1079]",1,-1,D:\Compressed\archive_3/videos/62440.mp4,True,0.78125,
watch,62443,train,6,"[710, 80, 1576, 1080]",1,-1,D:\Compressed\archive_3/videos/62443.mp4,True,0.75,
watch,62444,train,13,"[132, 0, 541, 480]",1,-1,D:\Compressed\archive_3/videos/62444.mp4,True,0.6875,
watch,62445,train,13,"[125, 0, 526, 480]",1,-1,D:\Compressed\archive_3/videos/62445.mp4,True,0.625,
watch,62439,train,38,"[436, 55, 831, 720]",1,-1,D:\Compressed\archive_3/videos/62439.mp4,True,0.75,
watch,62452,train,11,"[78, 18, 218, 192]",1,-1,D:\Compressed\archive_3/videos/62452.mp4,True,1.0,
watch,62453,train,11,"[69, 13, 206, 192]",1,-1,D:\Compressed\archive_3/videos/62453.mp4,True,1.0,
mother,c999_mother_005,val,999,"[0, 0, 640, 480]",1,42,D:\Compressed\archive_3\custom_videos\c999_mother_005.mp4,,0.28125,custom
mother,c999_mother_015,val,999,"[0, 0, 640, 480]",1,42,D:\Compressed\archive_3\custom_videos\c999_mother_015.mp4,,0.5625,custom
mother,c999_mother_013,test,999,"[0, 0, 640, 480]",1,42,D:\Compressed\archive_3\custom_videos\c999_mother_013.mp4,,0.3125,custom
mother,c999_mother_028,test,999,"[0, 0, 640, 480]",1,62,D:\Compressed\archive_3\custom_videos\c999_mother_028.mp4,,0.40625,custom
mother,c999_mother_010,train,999,"[0, 0, 640, 480]",1,77,D:\Compressed\archive_3\custom_videos\c999_mother_010.mp4,,0.84375,custom
mother,c999_mother_003,train,999,"[0, 0, 640, 480]",1,77,D:\Compressed\archive_3\custom_videos\c999_mother_003.mp4,,0.5625,custom
mother,c999_mother_026,train,999,"[0, 0, 640, 480]",1,42,D:\Compressed\archive_3\custom_videos\c999_mother_026.mp4,,0.21875,custom
mother,c999_mother_030,train,999,"[0, 0, 640, 480]",1,76,D:\Compressed\archive_3\custom_videos\c999_mother_030.mp4,,0.28125,custom
mother,c999_mother_022,train,999,"[0, 0, 640, 480]",1,61,D:\Compressed\archive_3\custom_videos\c999_mother_022.mp4,,0.65625,custom
mother,c999_mother_006,train,999,"[0, 0, 640, 480]",1,42,D:\Compressed\archive_3\custom_videos\c999_mother_006.mp4,,0.28125,custom
mother,c999_mother_029,train,999,"[0, 0, 640, 480]",1,77,D:\Compressed\archive_3\custom_videos\c999_mother_029.mp4,,0.34375,custom
mother,c999_mother_007,train,999,"[0, 0, 640, 480]",1,68,D:\Compressed\archive_3\custom_videos\c999_mother_007.mp4,,0.40625,custom
mother,c999_mother_021,train,999,"[0, 0, 640, 480]",1,70,D:\Compressed\archive_3\custom_videos\c999_mother_021.mp4,,0.53125,custom
mother,c999_mother_011,train,999,"[0, 0, 640, 480]",1,66,D:\Compressed\archive_3\custom_videos\c999_mother_011.mp4,,0.96875,custom
mother,c999_mother_017,train,999,"[0, 0, 640, 480]",1,42,D:\Compressed\archive_3\custom_videos\c999_mother_017.mp4,,0.1875,custom
mother,c999_mother_002,train,999,"[0, 0, 640, 480]",1,77,D:\Compressed\archive_3\custom_videos\c999_mother_002.mp4,,0.875,custom
mother,c999_mother_027,train,999,"[0, 0, 640, 480]",1,60,D:\Compressed\archive_3\custom_videos\c999_mother_027.mp4,,0.25,custom
mother,c999_mother_020,train,999,"[0, 0, 640, 480]",1,42,D:\Compressed\archive_3\custom_videos\c999_mother_020.mp4,,0.625,custom
mother,c999_mother_016,train,999,"[0, 0, 640, 480]",1,42,D:\Compressed\archive_3\custom_videos\c999_mother_016.mp4,,0.34375,custom
mother,c999_mother_009,train,999,"[0, 0, 640, 480]",1,77,D:\Compressed\archive_3\custom_videos\c999_mother_009.mp4,,0.75,custom
mother,c999_mother_001,train,999,"[0, 0, 640, 480]",1,76,D:\Compressed\archive_3\custom_videos\c999_mother_001.mp4,,1.0,custom
mother,c999_mother_014,train,999,"[0, 0, 640, 480]",1,42,D:\Compressed\archive_3\custom_videos\c999_mother_014.mp4,,0.1875,custom
mother,c999_mother_012,train,999,"[0, 0, 640, 480]",1,42,D:\Compressed\archive_3\custom_videos\c999_mother_012.mp4,,0.25,custom
mother,c999_mother_008,train,999,"[0, 0, 640, 480]",1,77,D:\Compressed\archive_3\custom_videos\c999_mother_008.mp4,,0.28125,custom
mother,c999_mother_004,train,999,"[0, 0, 640, 480]",1,42,D:\Compressed\archive_3\custom_videos\c999_mother_004.mp4,,1.0,custom
mother,c999_mother_019,train,999,"[0, 0, 640, 480]",1,42,D:\Compressed\archive_3\custom_videos\c999_mother_019.mp4,,0.71875,custom
mother,c999_mother_018,train,999,"[0, 0, 640, 480]",1,42,D:\Compressed\archive_3\custom_videos\c999_mother_018.mp4,,0.78125,custom
mother,c999_mother_023,train,999,"[0, 0, 640, 480]",1,42,D:\Compressed\archive_3\custom_videos\c999_mother_023.mp4,,0.3125,custom
last,c999_last_020,val,999,"[0, 0, 640, 480]",1,42,D:\Compressed\archive_3\custom_videos\c999_last_020.mp4,,0.75,custom
last,c999_last_011,val,999,"[0, 0, 640, 480]",1,42,D:\Compressed\archive_3\custom_videos\c999_last_011.mp4,,0.84375,custom
last,c999_last_005,test,999,"[0, 0, 640, 480]",1,42,D:\Compressed\archive_3\custom_videos\c999_last_005.mp4,,0.59375,custom
last,c999_last_002,test,999,"[0, 0, 640, 480]",1,42,D:\Compressed\archive_3\custom_videos\c999_last_002.mp4,,1.0,custom
last,c999_last_019,train,999,"[0, 0, 640, 480]",1,42,D:\Compressed\archive_3\custom_videos\c999_last_019.mp4,,0.9375,custom
last,c999_last_010,train,999,"[0, 0, 640, 480]",1,42,D:\Compressed\archive_3\custom_videos\c999_last_010.mp4,,0.84375,custom
last,c999_last_013,train,999,"[0, 0, 640, 480]",1,42,D:\Compressed\archive_3\custom_videos\c999_last_013.mp4,,1.0,custom
last,c999_last_015,train,999,"[0, 0, 640, 480]",1,42,D:\Compressed\archive_3\custom_videos\c999_last_015.mp4,,0.90625,custom
last,c999_last_003,train,999,"[0, 0, 640, 480]",1,42,D:\Compressed\archive_3\custom_videos\c999_last_003.mp4,,0.4375,custom
last,c999_last_007,train,999,"[0, 0, 640, 480]",1,42,D:\Compressed\archive_3\custom_videos\c999_last_007.mp4,,1.0,custom
last,c999_last_017,train,999,"[0, 0, 640, 480]",1,42,D:\Compressed\archive_3\custom_videos\c999_last_017.mp4,,1.0,custom
last,c999_last_001,train,999,"[0, 0, 640, 480]",1,42,D:\Compressed\archive_3\custom_videos\c999_last_001.mp4,,0.65625,custom
last,c999_last_012,train,999,"[0, 0, 640, 480]",1,42,D:\Compressed\archive_3\custom_videos\c999_last_012.mp4,,1.0,custom
last,c999_last_018,train,999,"[0, 0, 640, 480]",1,42,D:\Compressed\archive_3\custom_videos\c999_last_018.mp4,,1.0,custom
last,c999_last_016,train,999,"[0, 0, 640, 480]",1,42,D:\Compressed\archive_3\custom_videos\c999_last_016.mp4,,0.59375,custom
last,c999_last_014,train,999,"[0, 0, 640, 480]",1,42,D:\Compressed\archive_3\custom_videos\c999_last_014.mp4,,1.0,custom
last,c999_last_009,train,999,"[0, 0, 640, 480]",1,42,D:\Compressed\archive_3\custom_videos\c999_last_009.mp4,,0.78125,custom
last,c999_last_006,train,999,"[0, 0, 640, 480]",1,42,D:\Compressed\archive_3\custom_videos\c999_last_006.mp4,,0.78125,custom
last,c999_last_004,train,999,"[0, 0, 640, 480]",1,42,D:\Compressed\archive_3\custom_videos\c999_last_004.mp4,,0.75,custom
last,c999_last_008,train,999,"[0, 0, 640, 480]",1,42,D:\Compressed\archive_3\custom_videos\c999_last_008.mp4,,0.78125,custom
I,c999_I_006,val,999,"[0, 0, 640, 480]",1,77,D:\Compressed\archive_3\custom_videos\c999_I_006.mp4,,0.28125,custom
I,c999_I_024,val,999,"[0, 0, 640, 480]",1,76,D:\Compressed\archive_3\custom_videos\c999_I_024.mp4,,0.46875,custom
I,c999_I_047,test,999,"[0, 0, 640, 480]",1,77,D:\Compressed\archive_3\custom_videos\c999_I_047.mp4,,0.84375,custom
I,c999_I_025,test,999,"[0, 0, 640, 480]",1,77,D:\Compressed\archive_3\custom_videos\c999_I_025.mp4,,0.8125,custom
I,c999_I_027,train,999,"[0, 0, 640, 480]",1,77,D:\Compressed\archive_3\custom_videos\c999_I_027.mp4,,0.21875,custom
I,c999_I_045,train,999,"[0, 0, 640, 480]",1,76,D:\Compressed\archive_3\custom_videos\c999_I_045.mp4,,0.96875,custom
I,c999_I_049,train,999,"[0, 0, 640, 480]",1,42,D:\Compressed\archive_3\custom_videos\c999_I_049.mp4,,0.84375,custom
I,c999_I_017,train,999,"[0, 0, 640, 480]",1,48,D:\Compressed\archive_3\custom_videos\c999_I_017.mp4,,0.375,custom
I,c999_I_041,train,999,"[0, 0, 640, 480]",1,76,D:\Compressed\archive_3\custom_videos\c999_I_041.mp4,,0.9375,custom
I,c999_I_021,train,999,"[0, 0, 640, 480]",1,76,D:\Compressed\archive_3\custom_videos\c999_I_021.mp4,,0.34375,custom
I,c999_I_036,train,999,"[0, 0, 640, 480]",1,42,D:\Compressed\archive_3\custom_videos\c999_I_036.mp4,,0.6875,custom
I,c999_I_037,train,999,"[0, 0, 640, 480]",1,42,D:\Compressed\archive_3\custom_videos\c999_I_037.mp4,,0.90625,custom
I,c999_I_011,train,999,"[0, 0, 640, 480]",1,77,D:\Compressed\archive_3\custom_videos\c999_I_011.mp4,,0.5625,custom
I,c999_I_028,train,999,"[0, 0, 640, 480]",1,76,D:\Compressed\archive_3\custom_videos\c999_I_028.mp4,,0.28125,custom
I,c999_I_023,train,999,"[0, 0, 640, 480]",1,77,D:\Compressed\archive_3\custom_videos\c999_I_023.mp4,,0.46875,custom
I,c999_I_010,train,999,"[0, 0, 640, 480]",1,77,D:\Compressed\archive_3\custom_videos\c999_I_010.mp4,,0.25,custom
I,c999_I_030,train,999,"[0, 0, 640, 480]",1,77,D:\Compressed\archive_3\custom_videos\c999_I_030.mp4,,0.28125,custom
I,c999_I_015,train,999,"[0, 0, 640, 480]",1,77,D:\Compressed\archive_3\custom_videos\c999_I_015.mp4,,0.40625,custom
I,c999_I_002,train,999,"[0, 0, 640, 480]",1,76,D:\Compressed\archive_3\custom_videos\c999_I_002.mp4,,0.34375,custom
I,c999_I_004,train,999,"[0, 0, 640, 480]",1,77,D:\Compressed\archive_3\custom_videos\c999_I_004.mp4,,0.25,custom
I,c999_I_048,train,999,"[0, 0, 640, 480]",1,42,D:\Compressed\archive_3\custom_videos\c999_I_048.mp4,,0.875,custom
I,c999_I_001,train,999,"[0, 0, 640, 480]",1,77,D:\Compressed\archive_3\custom_videos\c999_I_001.mp4,,0.28125,custom
I,c999_I_035,train,999,"[0, 0, 640, 480]",1,42,D:\Compressed\archive_3\custom_videos\c999_I_035.mp4,,0.8125,custom
I,c999_I_007,train,999,"[0, 0, 640, 480]",1,76,D:\Compressed\archive_3\custom_videos\c999_I_007.mp4,,0.21875,custom
I,c999_I_026,train,999,"[0, 0, 640, 480]",1,76,D:\Compressed\archive_3\custom_videos\c999_I_026.mp4,,0.625,custom
I,c999_I_032,train,999,"[0, 0, 640, 480]",1,42,D:\Compressed\archive_3\custom_videos\c999_I_032.mp4,,1.0,custom
I,c999_I_029,train,999,"[0, 0, 640, 480]",1,76,D:\Compressed\archive_3\custom_videos\c999_I_029.mp4,,0.21875,custom
I,c999_I_039,train,999,"[0, 0, 640, 480]",1,42,D:\Compressed\archive_3\custom_videos\c999_I_039.mp4,,1.0,custom
I,c999_I_050,train,999,"[0, 0, 640, 480]",1,42,D:\Compressed\archive_3\custom_videos\c999_I_050.mp4,,0.8125,custom
I,c999_I_019,train,999,"[0, 0, 640, 480]",1,77,D:\Compressed\archive_3\custom_videos\c999_I_019.mp4,,0.4375,custom
I,c999_I_016,train,999,"[0, 0, 640, 480]",1,77,D:\Compressed\archive_3\custom_videos\c999_I_016.mp4,,0.46875,custom
I,c999_I_033,train,999,"[0, 0, 640, 480]",1,42,D:\Compressed\archive_3\custom_videos\c999_I_033.mp4,,1.0,custom
I,c999_I_046,train,999,"[0, 0, 640, 480]",1,54,D:\Compressed\archive_3\custom_videos\c999_I_046.mp4,,0.9375,custom
I,c999_I_031,train,999,"[0, 0, 640, 480]",1,42,D:\Compressed\archive_3\custom_videos\c999_I_031.mp4,,0.40625,custom
I,c999_I_020,train,999,"[0, 0, 640, 480]",1,77,D:\Compressed\archive_3\custom_videos\c999_I_020.mp4,,0.34375,custom
I,c999_I_043,train,999,"[0, 0, 640, 480]",1,77,D:\Compressed\archive_3\custom_videos\c999_I_043.mp4,,0.75,custom
I,c999_I_012,train,999,"[0, 0, 640, 480]",1,76,D:\Compressed\archive_3\custom_videos\c999_I_012.mp4,,0.5,custom
I,c999_I_009,train,999,"[0, 0, 640, 480]",1,77,D:\Compressed\archive_3\custom_videos\c999_I_009.mp4,,0.25,custom
I,c999_I_018,train,999,"[0, 0, 640, 480]",1,76,D:\Compressed\archive_3\custom_videos\c999_I_018.mp4,,0.4375,custom
I,c999_I_040,train,999,"[0, 0, 640, 480]",1,42,D:\Compressed\archive_3\custom_videos\c999_I_040.mp4,,0.75,custom
I,c999_I_014,train,999,"[0, 0, 640, 480]",1,76,D:\Compressed\archive_3\custom_videos\c999_I_014.mp4,,0.375,custom
I,c999_I_042,train,999,"[0, 0, 640, 480]",1,76,D:\Compressed\archive_3\custom_videos\c999_I_042.mp4,,0.75,custom
I,c999_I_034,train,999,"[0, 0, 640, 480]",1,42,D:\Compressed\archive_3\custom_videos\c999_I_034.mp4,,0.65625,custom
I,c999_I_013,train,999,"[0, 0, 640, 480]",1,77,D:\Compressed\archive_3\custom_videos\c999_I_013.mp4,,0.375,custom
I,c999_I_008,train,999,"[0, 0, 640, 480]",1,77,D:\Compressed\archive_3\custom_videos\c999_I_008.mp4,,0.21875,custom
I,c999_I_005,train,999,"[0, 0, 640, 480]",1,77,D:\Compressed\archive_3\custom_videos\c999_I_005.mp4,,0.375,custom
I,c999_I_038,train,999,"[0, 0, 640, 480]",1,42,D:\Compressed\archive_3\custom_videos\c999_I_038.mp4,,0.90625,custom
I,c999_I_022,train,999,"[0, 0, 640, 480]",1,76,D:\Compressed\archive_3\custom_videos\c999_I_022.mp4,,0.3125,custom
I,c999_I_044,train,999,"[0, 0, 640, 480]",1,77,D:\Compressed\archive_3\custom_videos\c999_I_044.mp4,,0.71875,custom
I,c999_I_003,train,999,"[0, 0, 640, 480]",1,77,D:\Compressed\archive_3\custom_videos\c999_I_003.mp4,,0.21875,custom
what,c999_what_005,val,999,"[0, 0, 640, 480]",1,38,D:\Compressed\archive_3\custom_videos\c999_what_005.mp4,,0.40625,custom
what,c999_what_004,val,999,"[0, 0, 640, 480]",1,38,D:\Compressed\archive_3\custom_videos\c999_what_004.mp4,,0.46875,custom
what,c999_what_008,test,999,"[0, 0, 640, 480]",1,38,D:\Compressed\archive_3\custom_videos\c999_what_008.mp4,,0.625,custom
what,c999_what_003,test,999,"[0, 0, 640, 480]",1,38,D:\Compressed\archive_3\custom_videos\c999_what_003.mp4,,0.8125,custom
what,c999_what_007,train,999,"[0, 0, 640, 480]",1,38,D:\Compressed\archive_3\custom_videos\c999_what_007.mp4,,0.8125,custom
what,c999_what_010,train,999,"[0, 0, 640, 480]",1,38,D:\Compressed\archive_3\custom_videos\c999_what_010.mp4,,0.4375,custom
what,c999_what_001,train,999,"[0, 0, 640, 480]",1,38,D:\Compressed\archive_3\custom_videos\c999_what_001.mp4,,0.34375,custom
what,c999_what_002,train,999,"[0, 0, 640, 480]",1,38,D:\Compressed\archive_3\custom_videos\c999_what_002.mp4,,0.84375,custom
what,c999_what_009,train,999,"[0, 0, 640, 480]",1,38,D:\Compressed\archive_3\custom_videos\c999_what_009.mp4,,0.71875,custom
what,c999_what_006,train,999,"[0, 0, 640, 480]",1,38,D:\Compressed\archive_3\custom_videos\c999_what_006.mp4,,0.75,custom
like,c999_like_016,val,999,"[0, 0, 640, 480]",1,77,D:\Compressed\archive_3\custom_videos\c999_like_016.mp4,,0.875,custom
like,c999_like_018,val,999,"[0, 0, 640, 480]",1,77,D:\Compressed\archive_3\custom_videos\c999_like_018.mp4,,0.90625,custom
like,c999_like_009,test,999,"[0, 0, 640, 480]",1,75,D:\Compressed\archive_3\custom_videos\c999_like_009.mp4,,0.90625,custom
like,c999_like_027,test,999,"[0, 0, 640, 480]",1,76,D:\Compressed\archive_3\custom_videos\c999_like_027.mp4,,0.9375,custom
like,c999_like_021,train,999,"[0, 0, 640, 480]",1,64,D:\Compressed\archive_3\custom_videos\c999_like_021.mp4,,0.46875,custom
like,c999_like_013,train,999,"[0, 0, 640, 480]",1,76,D:\Compressed\archive_3\custom_videos\c999_like_013.mp4,,0.75,custom
like,c999_like_024,train,999,"[0, 0, 640, 480]",1,77,D:\Compressed\archive_3\custom_videos\c999_like_024.mp4,,1.0,custom
like,c999_like_014,train,999,"[0, 0, 640, 480]",1,77,D:\Compressed\archive_3\custom_videos\c999_like_014.mp4,,0.875,custom
like,c999_like_015,train,999,"[0, 0, 640, 480]",1,76,D:\Compressed\archive_3\custom_videos\c999_like_015.mp4,,0.8125,custom
like,c999_like_008,train,999,"[0, 0, 640, 480]",1,38,D:\Compressed\archive_3\custom_videos\c999_like_008.mp4,,0.90625,custom
like,c999_like_028,train,999,"[0, 0, 640, 480]",1,77,D:\Compressed\archive_3\custom_videos\c999_like_028.mp4,,0.875,custom
like,c999_like_011,train,999,"[0, 0, 640, 480]",1,77,D:\Compressed\archive_3\custom_videos\c999_like_011.mp4,,0.875,custom
like,c999_like_017,train,999,"[0, 0, 640, 480]",1,77,D:\Compressed\archive_3\custom_videos\c999_like_017.mp4,,1.0,custom
like,c999_like_007,train,999,"[0, 0, 640, 480]",1,38,D:\Compressed\archive_3\custom_videos\c999_like_007.mp4,,0.6875,custom
like,c999_like_023,train,999,"[0, 0, 640, 480]",1,76,D:\Compressed\archive_3\custom_videos\c999_like_023.mp4,,1.0,custom
like,c999_like_030,train,999,"[0, 0, 640, 480]",1,76,D:\Compressed\archive_3\custom_videos\c999_like_030.mp4,,0.90625,custom
like,c999_like_004,train,999,"[0, 0, 640, 480]",1,38,D:\Compressed\archive_3\custom_videos\c999_like_004.mp4,,0.25,custom
like,c999_like_026,train,999,"[0, 0, 640, 480]",1,77,D:\Compressed\archive_3\custom_videos\c999_like_026.mp4,,1.0,custom
like,c999_like_029,train,999,"[0, 0, 640, 480]",1,76,D:\Compressed\archive_3\custom_videos\c999_like_029.mp4,,0.875,custom
like,c999_like_022,train,999,"[0, 0, 640, 480]",1,77,D:\Compressed\archive_3\custom_videos\c999_like_022.mp4,,1.0,custom
like,c999_like_012,train,999,"[0, 0, 640, 480]",1,77,D:\Compressed\archive_3\custom_videos\c999_like_012.mp4,,0.90625,custom
like,c999_like_010,train,999,"[0, 0, 640, 480]",1,70,D:\Compressed\archive_3\custom_videos\c999_like_010.mp4,,0.53125,custom
like,c999_like_005,train,999,"[0, 0, 640, 480]",1,38,D:\Compressed\archive_3\custom_videos\c999_like_005.mp4,,0.75,custom
like,c999_like_020,train,999,"[0, 0, 640, 480]",1,77,D:\Compressed\archive_3\custom_videos\c999_like_020.mp4,,0.96875,custom
like,c999_like_019,train,999,"[0, 0, 640, 480]",1,76,D:\Compressed\archive_3\custom_videos\c999_like_019.mp4,,1.0,custom
like,c999_like_006,train,999,"[0, 0, 640, 480]",1,38,D:\Compressed\archive_3\custom_videos\c999_like_006.mp4,,0.59375,custom
like,c999_like_002,train,999,"[0, 0, 640, 480]",1,38,D:\Compressed\archive_3\custom_videos\c999_like_002.mp4,,0.53125,custom
like,c999_like_001,train,999,"[0, 0, 640, 480]",1,38,D:\Compressed\archive_3\custom_videos\c999_like_001.mp4,,0.90625,custom
like,c999_like_025,train,999,"[0, 0, 640, 480]",1,76,D:\Compressed\archive_3\custom_videos\c999_like_025.mp4,,1.0,custom
like,c999_like_003,train,999,"[0, 0, 640, 480]",1,38,D:\Compressed\archive_3\custom_videos\c999_like_003.mp4,,0.28125,custom
call,c999_call_011,val,999,"[0, 0, 640, 480]",1,76,D:\Compressed\archive_3\custom_videos\c999_call_011.mp4,,0.21875,custom
call,c999_call_013,val,999,"[0, 0, 640, 480]",1,77,D:\Compressed\archive_3\custom_videos\c999_call_013.mp4,,0.5625,custom
call,c999_call_001,test,999,"[0, 0, 640, 480]",1,42,D:\Compressed\archive_3\custom_videos\c999_call_001.mp4,,1.0,custom
call,c999_call_017,test,999,"[0, 0, 640, 480]",1,77,D:\Compressed\archive_3\custom_videos\c999_call_017.mp4,,0.96875,custom
call,c999_call_003,train,999,"[0, 0, 640, 480]",1,77,D:\Compressed\archive_3\custom_videos\c999_call_003.mp4,,1.0,custom
call,c999_call_012,train,999,"[0, 0, 640, 480]",1,76,D:\Compressed\archive_3\custom_videos\c999_call_012.mp4,,0.9375,custom
call,c999_call_014,train,999,"[0, 0, 640, 480]",1,77,D:\Compressed\archive_3\custom_videos\c999_call_014.mp4,,0.875,custom
call,c999_call_008,train,999,"[0, 0, 640, 480]",1,77,D:\Compressed\archive_3\custom_videos\c999_call_008.mp4,,0.375,custom
call,c999_call_019,train,999,"[0, 0, 640, 480]",1,76,D:\Compressed\archive_3\custom_videos\c999_call_019.mp4,,0.84375,custom
call,c999_call_004,train,999,"[0, 0, 640, 480]",1,77,D:\Compressed\archive_3\custom_videos\c999_call_004.mp4,,1.0,custom
call,c999_call_015,train,999,"[0, 0, 640, 480]",1,77,D:\Compressed\archive_3\custom_videos\c999_call_015.mp4,,0.625,custom
call,c999_call_020,train,999,"[0, 0, 640, 480]",1,77,D:\Compressed\archive_3\custom_videos\c999_call_020.mp4,,1.0,custom
call,c999_call_007,train,999,"[0, 0, 640, 480]",1,76,D:\Compressed\archive_3\custom_videos\c999_call_007.mp4,,0.90625,custom
call,c999_call_018,train,999,"[0, 0, 640, 480]",1,76,D:\Compressed\archive_3\custom_videos\c999_call_018.mp4,,0.75,custom
call,c999_call_009,train,999,"[0, 0, 640, 480]",1,76,D:\Compressed\archive_3\custom_videos\c999_call_009.mp4,,0.40625,custom
call,c999_call_005,train,999,"[0, 0, 640, 480]",1,77,D:\Compressed\archive_3\custom_videos\c999_call_005.mp4,,0.53125,custom
call,c999_call_006,train,999,"[0, 0, 640, 480]",1,77,D:\Compressed\archive_3\custom_videos\c999_call_006.mp4,,0.59375,custom
call,c999_call_002,train,999,"[0, 0, 640, 480]",1,76,D:\Compressed\archive_3\custom_videos\c999_call_002.mp4,,1.0,custom
call,c999_call_016,train,999,"[0, 0, 640, 480]",1,77,D:\Compressed\archive_3\custom_videos\c999_call_016.mp4,,0.90625,custom
call,c999_call_010,train,999,"[0, 0, 640, 480]",1,76,D:\Compressed\archive_3\custom_videos\c999_call_010.mp4,,1.0,custom
you,c999_you_027,val,999,"[0, 0, 640, 480]",1,77,D:\Compressed\archive_3\custom_videos\c999_you_027.mp4,,0.3125,custom
you,c999_you_003,test,999,"[0, 0, 640, 480]",1,42,D:\Compressed\archive_3\custom_videos\c999_you_003.mp4,,0.46875,custom
you,c999_you_033,test,999,"[0, 0, 640, 480]",1,77,D:\Compressed\archive_3\custom_videos\c999_you_033.mp4,,0.375,custom
you,c999_you_017,train,999,"[0, 0, 640, 480]",1,77,D:\Compressed\archive_3\custom_videos\c999_you_017.mp4,,1.0,custom
you,c999_you_042,train,999,"[0, 0, 640, 480]",1,42,D:\Compressed\archive_3\custom_videos\c999_you_042.mp4,,0.96875,custom
you,c999_you_040,train,999,"[0, 0, 640, 480]",1,76,D:\Compressed\archive_3\custom_videos\c999_you_040.mp4,,0.375,custom
you,c999_you_044,train,999,"[0, 0, 640, 480]",1,42,D:\Compressed\archive_3\custom_videos\c999_you_044.mp4,,0.6875,custom
you,c999_you_005,train,999,"[0, 0, 640, 480]",1,77,D:\Compressed\archive_3\custom_videos\c999_you_005.mp4,,0.25,custom
you,c999_you_045,train,999,"[0, 0, 640, 480]",1,42,D:\Compressed\archive_3\custom_videos\c999_you_045.mp4,,0.84375,custom
you,c999_you_036,train,999,"[0, 0, 640, 480]",1,76,D:\Compressed\archive_3\custom_videos\c999_you_036.mp4,,0.4375,custom
you,c999_you_008,train,999,"[0, 0, 640, 480]",1,77,D:\Compressed\archive_3\custom_videos\c999_you_008.mp4,,0.40625,custom
you,c999_you_012,train,999,"[0, 0, 640, 480]",1,76,D:\Compressed\archive_3\custom_videos\c999_you_012.mp4,,0.53125,custom
you,c999_you_032,train,999,"[0, 0, 640, 480]",1,77,D:\Compressed\archive_3\custom_videos\c999_you_032.mp4,,0.4375,custom
you,c999_you_029,train,999,"[0, 0, 640, 480]",1,77,D:\Compressed\archive_3\custom_videos\c999_you_029.mp4,,1.0,custom
you,c999_you_049,train,999,"[0, 0, 640, 480]",1,42,D:\Compressed\archive_3\custom_videos\c999_you_049.mp4,,0.25,custom
you,c999_you_039,train,999,"[0, 0, 640, 480]",1,56,D:\Compressed\archive_3\custom_videos\c999_you_039.mp4,,0.375,custom
you,c999_you_022,train,999,"[0, 0, 640, 480]",1,77,D:\Compressed\archive_3\custom_videos\c999_you_022.mp4,,0.25,custom
you,c999_you_035,train,999,"[0, 0, 640, 480]",1,76,D:\Compressed\archive_3\custom_videos\c999_you_035.mp4,,0.28125,custom
you,c999_you_021,train,999,"[0, 0, 640, 480]",1,77,D:\Compressed\archive_3\custom_videos\c999_you_021.mp4,,0.3125,custom
you,c999_you_030,train,999,"[0, 0, 640, 480]",1,77,D:\Compressed\archive_3\custom_videos\c999_you_030.mp4,,0.3125,custom
you,c999_you_041,train,999,"[0, 0, 640, 480]",1,42,D:\Compressed\archive_3\custom_videos\c999_you_041.mp4,,0.21875,custom
you,c999_you_007,train,999,"[0, 0, 640, 480]",1,76,D:\Compressed\archive_3\custom_videos\c999_you_007.mp4,,0.25,custom
you,c999_you_031,train,999,"[0, 0, 640, 480]",1,69,D:\Compressed\archive_3\custom_videos\c999_you_031.mp4,,0.59375,custom
you,c999_you_001,train,999,"[0, 0, 640, 480]",1,77,D:\Compressed\archive_3\custom_videos\c999_you_001.mp4,,0.71875,custom
you,c999_you_002,train,999,"[0, 0, 640, 480]",1,42,D:\Compressed\archive_3\custom_videos\c999_you_002.mp4,,0.90625,custom
you,c999_you_020,train,999,"[0, 0, 640, 480]",1,76,D:\Compressed\archive_3\custom_videos\c999_you_020.mp4,,0.3125,custom
you,c999_you_034,train,999,"[0, 0, 640, 480]",1,76,D:\Compressed\archive_3\custom_videos\c999_you_034.mp4,,0.40625,custom
you,c999_you_019,train,999,"[0, 0, 640, 480]",1,77,D:\Compressed\archive_3\custom_videos\c999_you_019.mp4,,0.40625,custom
you,c999_you_038,train,999,"[0, 0, 640, 480]",1,77,D:\Compressed\archive_3\custom_videos\c999_you_038.mp4,,0.34375,custom
you,c999_you_037,train,999,"[0, 0, 640, 480]",1,77,D:\Compressed\archive_3\custom_videos\c999_you_037.mp4,,0.15625,custom
you,c999_you_025,train,999,"[0, 0, 640, 480]",1,77,D:\Compressed\archive_3\custom_videos\c999_you_025.mp4,,0.4375,custom
you,c999_you_050,train,999,"[0, 0, 640, 480]",1,42,D:\Compressed\archive_3\custom_videos\c999_you_050.mp4,,0.5625,custom
you,c999_you_015,train,999,"[0, 0, 640, 480]",1,77,D:\Compressed\archive_3\custom_videos\c999_you_015.mp4,,0.34375,custom
you,c999_you_013,train,999,"[0, 0, 640, 480]",1,76,D:\Compressed\archive_3\custom_videos\c999_you_013.mp4,,0.40625,custom
you,c999_you_047,train,999,"[0, 0, 640, 480]",1,74,D:\Compressed\archive_3\custom_videos\c999_you_047.mp4,,0.71875,custom
you,c999_you_018,train,999,"[0, 0, 640, 480]",1,77,D:\Compressed\archive_3\custom_videos\c999_you_018.mp4,,0.3125,custom
you,c999_you_010,train,999,"[0, 0, 640, 480]",1,76,D:\Compressed\archive_3\custom_videos\c999_you_010.mp4,,0.375,custom
you,c999_you_011,train,999,"[0, 0, 640, 480]",1,76,D:\Compressed\archive_3\custom_videos\c999_you_011.mp4,,0.15625,custom
you,c999_you_043,train,999,"[0, 0, 640, 480]",1,42,D:\Compressed\archive_3\custom_videos\c999_you_043.mp4,,0.6875,custom
you,c999_you_048,train,999,"[0, 0, 640, 480]",1,42,D:\Compressed\archive_3\custom_videos\c999_you_048.mp4,,1.0,custom
you,c999_you_014,train,999,"[0, 0, 640, 480]",1,77,D:\Compressed\archive_3\custom_videos\c999_you_014.mp4,,0.3125,custom
you,c999_you_004,train,999,"[0, 0, 640, 480]",1,76,D:\Compressed\archive_3\custom_videos\c999_you_004.mp4,,0.28125,custom
you,c999_you_016,train,999,"[0, 0, 640, 480]",1,77,D:\Compressed\archive_3\custom_videos\c999_you_016.mp4,,0.40625,custom
you,c999_you_028,train,999,"[0, 0, 640, 480]",1,76,D:\Compressed\archive_3\custom_videos\c999_you_028.mp4,,0.25,custom
you,c999_you_046,train,999,"[0, 0, 640, 480]",1,42,D:\Compressed\archive_3\custom_videos\c999_you_046.mp4,,0.90625,custom
you,c999_you_006,train,999,"[0, 0, 640, 480]",1,77,D:\Compressed\archive_3\custom_videos\c999_you_006.mp4,,0.34375,custom
you,c999_you_024,train,999,"[0, 0, 640, 480]",1,77,D:\Compressed\archive_3\custom_videos\c999_you_024.mp4,,0.4375,custom
you,c999_you_026,train,999,"[0, 0, 640, 480]",1,76,D:\Compressed\archive_3\custom_videos\c999_you_026.mp4,,0.25,custom
you,c999_you_023,train,999,"[0, 0, 640, 480]",1,76,D:\Compressed\archive_3\custom_videos\c999_you_023.mp4,,0.28125,custom
yes,c999_yes_013,val,999,"[0, 0, 640, 480]",1,76,D:\Compressed\archive_3\custom_videos\c999_yes_013.mp4,,0.8125,custom
yes,c999_yes_007,val,999,"[0, 0, 640, 480]",1,76,D:\Compressed\archive_3\custom_videos\c999_yes_007.mp4,,0.625,custom
yes,c999_yes_002,test,999,"[0, 0, 640, 480]",1,77,D:\Compressed\archive_3\custom_videos\c999_yes_002.mp4,,0.9375,custom
yes,c999_yes_017,test,999,"[0, 0, 640, 480]",1,76,D:\Compressed\archive_3\custom_videos\c999_yes_017.mp4,,0.9375,custom
yes,c999_yes_012,train,999,"[0, 0, 640, 480]",1,77,D:\Compressed\archive_3\custom_videos\c999_yes_012.mp4,,0.9375,custom
yes,c999_yes_006,train,999,"[0, 0, 640, 480]",1,77,D:\Compressed\archive_3\custom_videos\c999_yes_006.mp4,,0.9375,custom
yes,c999_yes_015,train,999,"[0, 0, 640, 480]",1,77,D:\Compressed\archive_3\custom_videos\c999_yes_015.mp4,,0.46875,custom
yes,c999_yes_008,train,999,"[0, 0, 640, 480]",1,76,D:\Compressed\archive_3\custom_videos\c999_yes_008.mp4,,0.5625,custom
yes,c999_yes_026,train,999,"[0, 0, 640, 480]",1,75,D:\Compressed\archive_3\custom_videos\c999_yes_026.mp4,,0.71875,custom
yes,c999_yes_009,train,999,"[0, 0, 640, 480]",1,77,D:\Compressed\archive_3\custom_videos\c999_yes_009.mp4,,0.8125,custom
yes,c999_yes_030,train,999,"[0, 0, 640, 480]",1,38,D:\Compressed\archive_3\custom_videos\c999_yes_030.mp4,,0.71875,custom
yes,c999_yes_016,train,999,"[0, 0, 640, 480]",1,76,D:\Compressed\archive_3\custom_videos\c999_yes_016.mp4,,0.46875,custom
yes,c999_yes_011,train,999,"[0, 0, 640, 480]",1,64,D:\Compressed\archive_3\custom_videos\c999_yes_011.mp4,,0.8125,custom
yes,c999_yes_025,train,999,"[0, 0, 640, 480]",1,59,D:\Compressed\archive_3\custom_videos\c999_yes_025.mp4,,0.59375,custom
yes,c999_yes_024,train,999,"[0, 0, 640, 480]",1,75,D:\Compressed\archive_3\custom_videos\c999_yes_024.mp4,,0.6875,custom
yes,c999_yes_003,train,999,"[0, 0, 640, 480]",1,76,D:\Compressed\archive_3\custom_videos\c999_yes_003.mp4,,0.84375,custom
yes,c999_yes_021,train,999,"[0, 0, 640, 480]",1,38,D:\Compressed\archive_3\custom_videos\c999_yes_021.mp4,,0.84375,custom
yes,c999_yes_029,train,999,"[0, 0, 640, 480]",1,38,D:\Compressed\archive_3\custom_videos\c999_yes_029.mp4,,0.75,custom
yes,c999_yes_022,train,999,"[0, 0, 640, 480]",1,75,D:\Compressed\archive_3\custom_videos\c999_yes_022.mp4,,1.0,custom
yes,c999_yes_020,train,999,"[0, 0, 640, 480]",1,76,D:\Compressed\archive_3\custom_videos\c999_yes_020.mp4,,0.96875,custom
yes,c999_yes_005,train,999,"[0, 0, 640, 480]",1,77,D:\Compressed\archive_3\custom_videos\c999_yes_005.mp4,,0.1875,custom
yes,c999_yes_027,train,999,"[0, 0, 640, 480]",1,38,D:\Compressed\archive_3\custom_videos\c999_yes_027.mp4,,0.71875,custom
yes,c999_yes_004,train,999,"[0, 0, 640, 480]",1,77,D:\Compressed\archive_3\custom_videos\c999_yes_004.mp4,,0.96875,custom
yes,c999_yes_023,train,999,"[0, 0, 640, 480]",1,75,D:\Compressed\archive_3\custom_videos\c999_yes_023.mp4,,1.0,custom
yes,c999_yes_001,train,999,"[0, 0, 640, 480]",1,77,D:\Compressed\archive_3\custom_videos\c999_yes_001.mp4,,0.8125,custom
yes,c999_yes_028,train,999,"[0, 0, 640, 480]",1,38,D:\Compressed\archive_3\custom_videos\c999_yes_028.mp4,,0.8125,custom
yes,c999_yes_019,train,999,"[0, 0, 640, 480]",1,76,D:\Compressed\archive_3\custom_videos\c999_yes_019.mp4,,0.84375,custom
yes,c999_yes_014,train,999,"[0, 0, 640, 480]",1,76,D:\Compressed\archive_3\custom_videos\c999_yes_014.mp4,,0.28125,custom
yes,c999_yes_018,train,999,"[0, 0, 640, 480]",1,77,D:\Compressed\archive_3\custom_videos\c999_yes_018.mp4,,0.90625,custom
yes,c999_yes_010,train,999,"[0, 0, 640, 480]",1,76,D:\Compressed\archive_3\custom_videos\c999_yes_010.mp4,,0.78125,custom
sweet,c999_sweet_008,val,999,"[0, 0, 640, 480]",1,38,D:\Compressed\archive_3\custom_videos\c999_sweet_008.mp4,,1.0,custom
sweet,c999_sweet_001,val,999,"[0, 0, 640, 480]",1,38,D:\Compressed\archive_3\custom_videos\c999_sweet_001.mp4,,1.0,custom
sweet,c999_sweet_004,test,999,"[0, 0, 640, 480]",1,38,D:\Compressed\archive_3\custom_videos\c999_sweet_004.mp4,,0.9375,custom
sweet,c999_sweet_005,test,999,"[0, 0, 640, 480]",1,38,D:\Compressed\archive_3\custom_videos\c999_sweet_005.mp4,,0.875,custom
sweet,c999_sweet_006,train,999,"[0, 0, 640, 480]",1,38,D:\Compressed\archive_3\custom_videos\c999_sweet_006.mp4,,1.0,custom
sweet,c999_sweet_007,train,999,"[0, 0, 640, 480]",1,38,D:\Compressed\archive_3\custom_videos\c999_sweet_007.mp4,,0.9375,custom
sweet,c999_sweet_009,train,999,"[0, 0, 640, 480]",1,38,D:\Compressed\archive_3\custom_videos\c999_sweet_009.mp4,,0.96875,custom
sweet,c999_sweet_002,train,999,"[0, 0, 640, 480]",1,38,D:\Compressed\archive_3\custom_videos\c999_sweet_002.mp4,,1.0,custom
sweet,c999_sweet_003,train,999,"[0, 0, 640, 480]",1,38,D:\Compressed\archive_3\custom_videos\c999_sweet_003.mp4,,0.9375,custom
sweet,c999_sweet_010,train,999,"[0, 0, 640, 480]",1,61,D:\Compressed\archive_3\custom_videos\c999_sweet_010.mp4,,1.0,custom
how,c999_how_009,val,999,"[0, 0, 640, 480]",1,42,D:\Compressed\archive_3\custom_videos\c999_how_009.mp4,,0.5625,custom
how,c999_how_001,val,999,"[0, 0, 640, 480]",1,47,D:\Compressed\archive_3\custom_videos\c999_how_001.mp4,,1.0,custom
how,c999_how_006,test,999,"[0, 0, 640, 480]",1,76,D:\Compressed\archive_3\custom_videos\c999_how_006.mp4,,0.46875,custom
how,c999_how_013,test,999,"[0, 0, 640, 480]",1,77,D:\Compressed\archive_3\custom_videos\c999_how_013.mp4,,0.28125,custom
how,c999_how_016,train,999,"[0, 0, 640, 480]",1,77,D:\Compressed\archive_3\custom_videos\c999_how_016.mp4,,0.625,custom
how,c999_how_005,train,999,"[0, 0, 640, 480]",1,77,D:\Compressed\archive_3\custom_videos\c999_how_005.mp4,,0.9375,custom
how,c999_how_015,train,999,"[0, 0, 640, 480]",1,77,D:\Compressed\archive_3\custom_videos\c999_how_015.mp4,,0.96875,custom
how,c999_how_004,train,999,"[0, 0, 640, 480]",1,77,D:\Compressed\archive_3\custom_videos\c999_how_004.mp4,,0.5625,custom
how,c999_how_007,train,999,"[0, 0, 640, 480]",1,77,D:\Compressed\archive_3\custom_videos\c999_how_007.mp4,,1.0,custom
how,c999_how_017,train,999,"[0, 0, 640, 480]",1,77,D:\Compressed\archive_3\custom_videos\c999_how_017.mp4,,0.90625,custom
how,c999_how_014,train,999,"[0, 0, 640, 480]",1,76,D:\Compressed\archive_3\custom_videos\c999_how_014.mp4,,0.46875,custom
how,c999_how_018,train,999,"[0, 0, 640, 480]",1,77,D:\Compressed\archive_3\custom_videos\c999_how_018.mp4,,0.96875,custom
how,c999_how_019,train,999,"[0, 0, 640, 480]",1,77,D:\Compressed\archive_3\custom_videos\c999_how_019.mp4,,0.875,custom
how,c999_how_020,train,999,"[0, 0, 640, 480]",1,77,D:\Compressed\archive_3\custom_videos\c999_how_020.mp4,,0.875,custom
how,c999_how_002,train,999,"[0, 0, 640, 480]",1,42,D:\Compressed\archive_3\custom_videos\c999_how_002.mp4,,1.0,custom
how,c999_how_008,train,999,"[0, 0, 640, 480]",1,70,D:\Compressed\archive_3\custom_videos\c999_how_008.mp4,,0.84375,custom
how,c999_how_003,train,999,"[0, 0, 640, 480]",1,42,D:\Compressed\archive_3\custom_videos\c999_how_003.mp4,,1.0,custom
how,c999_how_011,train,999,"[0, 0, 640, 480]",1,48,D:\Compressed\archive_3\custom_videos\c999_how_011.mp4,,0.625,custom
how,c999_how_010,train,999,"[0, 0, 640, 480]",1,42,D:\Compressed\archive_3\custom_videos\c999_how_010.mp4,,0.59375,custom
how,c999_how_012,train,999,"[0, 0, 640, 480]",1,77,D:\Compressed\archive_3\custom_videos\c999_how_012.mp4,,0.46875,custom
no,c999_no_011,val,999,"[0, 0, 640, 480]",1,38,D:\Compressed\archive_3\custom_videos\c999_no_011.mp4,,0.84375,custom
no,c999_no_001,val,999,"[0, 0, 640, 480]",1,77,D:\Compressed\archive_3\custom_videos\c999_no_001.mp4,,1.0,custom
no,c999_no_006,test,999,"[0, 0, 640, 480]",1,38,D:\Compressed\archive_3\custom_videos\c999_no_006.mp4,,0.4375,custom
no,c999_no_003,test,999,"[0, 0, 640, 480]",1,77,D:\Compressed\archive_3\custom_videos\c999_no_003.mp4,,1.0,custom
no,c999_no_025,train,999,"[0, 0, 640, 480]",1,42,D:\Compressed\archive_3\custom_videos\c999_no_025.mp4,,0.8125,custom
no,c999_no_009,train,999,"[0, 0, 640, 480]",1,38,D:\Compressed\archive_3\custom_videos\c999_no_009.mp4,,0.625,custom
no,c999_no_017,train,999,"[0, 0, 640, 480]",1,42,D:\Compressed\archive_3\custom_videos\c999_no_017.mp4,,0.84375,custom
no,c999_no_016,train,999,"[0, 0, 640, 480]",1,42,D:\Compressed\archive_3\custom_videos\c999_no_016.mp4,,0.84375,custom
no,c999_no_022,train,999,"[0, 0, 640, 480]",1,42,D:\Compressed\archive_3\custom_videos\c999_no_022.mp4,,0.84375,custom
no,c999_no_021,train,999,"[0, 0, 640, 480]",1,42,D:\Compressed\archive_3\custom_videos\c999_no_021.mp4,,1.0,custom
no,c999_no_015,train,999,"[0, 0, 640, 480]",1,38,D:\Compressed\archive_3\custom_videos\c999_no_015.mp4,,0.625,custom
no,c999_no_008,train,999,"[0, 0, 640, 480]",1,38,D:\Compressed\archive_3\custom_videos\c999_no_008.mp4,,0.4375,custom
no,c999_no_010,train,999,"[0, 0, 640, 480]",1,38,D:\Compressed\archive_3\custom_videos\c999_no_010.mp4,,0.40625,custom
no,c999_no_023,train,999,"[0, 0, 640, 480]",1,42,D:\Compressed\archive_3\custom_videos\c999_no_023.mp4,,0.84375,custom
no,c999_no_019,train,999,"[0, 0, 640, 480]",1,42,D:\Compressed\archive_3\custom_videos\c999_no_019.mp4,,0.75,custom
no,c999_no_020,train,999,"[0, 0, 640, 480]",1,42,D:\Compressed\archive_3\custom_videos\c999_no_020.mp4,,1.0,custom
no,c999_no_004,train,999,"[0, 0, 640, 480]",1,77,D:\Compressed\archive_3\custom_videos\c999_no_004.mp4,,1.0,custom
no,c999_no_014,train,999,"[0, 0, 640, 480]",1,38,D:\Compressed\archive_3\custom_videos\c999_no_014.mp4,,0.65625,custom
no,c999_no_002,train,999,"[0, 0, 640, 480]",1,77,D:\Compressed\archive_3\custom_videos\c999_no_002.mp4,,0.9375,custom
no,c999_no_012,train,999,"[0, 0, 640, 480]",1,38,D:\Compressed\archive_3\custom_videos\c999_no_012.mp4,,0.59375,custom
no,c999_no_018,train,999,"[0, 0, 640, 480]",1,42,D:\Compressed\archive_3\custom_videos\c999_no_018.mp4,,0.9375,custom
no,c999_no_024,train,999,"[0, 0, 640, 480]",1,42,D:\Compressed\archive_3\custom_videos\c999_no_024.mp4,,0.78125,custom
no,c999_no_013,train,999,"[0, 0, 640, 480]",1,38,D:\Compressed\archive_3\custom_videos\c999_no_013.mp4,,0.53125,custom
no,c999_no_007,train,999,"[0, 0, 640, 480]",1,38,D:\Compressed\archive_3\custom_videos\c999_no_007.mp4,,0.75,custom
help,c999_help_024,val,999,"[0, 0, 640, 480]",1,42,D:\Compressed\archive_3\custom_videos\c999_help_024.mp4,,0.75,custom
help,c999_help_020,val,999,"[0, 0, 640, 480]",1,77,D:\Compressed\archive_3\custom_videos\c999_help_020.mp4,,0.84375,custom
help,c999_help_001,test,999,"[0, 0, 640, 480]",1,77,D:\Compressed\archive_3\custom_videos\c999_help_001.mp4,,0.96875,custom
help,c999_help_006,test,999,"[0, 0, 640, 480]",1,42,D:\Compressed\archive_3\custom_videos\c999_help_006.mp4,,1.0,custom
help,c999_help_021,train,999,"[0, 0, 640, 480]",1,42,D:\Compressed\archive_3\custom_videos\c999_help_021.mp4,,0.65625,custom
help,c999_help_007,train,999,"[0, 0, 640, 480]",1,42,D:\Compressed\archive_3\custom_videos\c999_help_007.mp4,,0.90625,custom
help,c999_help_008,train,999,"[0, 0, 640, 480]",1,42,D:\Compressed\archive_3\custom_videos\c999_help_008.mp4,,0.9375,custom
help,c999_help_016,train,999,"[0, 0, 640, 480]",1,76,D:\Compressed\archive_3\custom_videos\c999_help_016.mp4,,0.78125,custom
help,c999_help_019,train,999,"[0, 0, 640, 480]",1,76,D:\Compressed\archive_3\custom_videos\c999_help_019.mp4,,0.75,custom
help,c999_help_014,train,999,"[0, 0, 640, 480]",1,77,D:\Compressed\archive_3\custom_videos\c999_help_014.mp4,,0.28125,custom
help,c999_help_003,train,999,"[0, 0, 640, 480]",1,42,D:\Compressed\archive_3\custom_videos\c999_help_003.mp4,,0.90625,custom
help,c999_help_011,train,999,"[0, 0, 640, 480]",1,76,D:\Compressed\archive_3\custom_videos\c999_help_011.mp4,,1.0,custom
help,c999_help_029,train,999,"[0, 0, 640, 480]",1,42,D:\Compressed\archive_3\custom_videos\c999_help_029.mp4,,0.65625,custom
help,c999_help_022,train,999,"[0, 0, 640, 480]",1,42,D:\Compressed\archive_3\custom_videos\c999_help_022.mp4,,0.9375,custom
help,c999_help_017,train,999,"[0, 0, 640, 480]",1,76,D:\Compressed\archive_3\custom_videos\c999_help_017.mp4,,0.53125,custom
help,c999_help_010,train,999,"[0, 0, 640, 480]",1,42,D:\Compressed\archive_3\custom_videos\c999_help_010.mp4,,0.9375,custom
help,c999_help_004,train,999,"[0, 0, 640, 480]",1,42,D:\Compressed\archive_3\custom_videos\c999_help_004.mp4,,0.90625,custom
help,c999_help_030,train,999,"[0, 0, 640, 480]",1,42,D:\Compressed\archive_3\custom_videos\c999_help_030.mp4,,0.6875,custom
help,c999_help_026,train,999,"[0, 0, 640, 480]",1,42,D:\Compressed\archive_3\custom_videos\c999_help_026.mp4,,0.59375,custom
help,c999_help_018,train,999,"[0, 0, 640, 480]",1,76,D:\Compressed\archive_3\custom_videos\c999_help_018.mp4,,0.9375,custom
help,c999_help_013,train,999,"[0, 0, 640, 480]",1,76,D:\Compressed\archive_3\custom_videos\c999_help_013.mp4,,0.65625,custom
help,c999_help_002,train,999,"[0, 0, 640, 480]",1,77,D:\Compressed\archive_3\custom_videos\c999_help_002.mp4,,0.9375,custom
help,c999_help_015,train,999,"[0, 0, 640, 480]",1,77,D:\Compressed\archive_3\custom_videos\c999_help_015.mp4,,0.75,custom
help,c999_help_005,train,999,"[0, 0, 640, 480]",1,42,D:\Compressed\archive_3\custom_videos\c999_help_005.mp4,,1.0,custom
help,c999_help_023,train,999,"[0, 0, 640, 480]",1,42,D:\Compressed\archive_3\custom_videos\c999_help_023.mp4,,0.5,custom
help,c999_help_009,train,999,"[0, 0, 640, 480]",1,42,D:\Compressed\archive_3\custom_videos\c999_help_009.mp4,,1.0,custom
help,c999_help_028,train,999,"[0, 0, 640, 480]",1,42,D:\Compressed\archive_3\custom_videos\c999_help_028.mp4,,0.4375,custom
help,c999_help_012,train,999,"[0, 0, 640, 480]",1,76,D:\Compressed\archive_3\custom_videos\c999_help_012.mp4,,0.3125,custom
help,c999_help_025,train,999,"[0, 0, 640, 480]",1,42,D:\Compressed\archive_3\custom_videos\c999_help_025.mp4,,0.375,custom
help,c999_help_027,train,999,"[0, 0, 640, 480]",1,42,D:\Compressed\archive_3\custom_videos\c999_help_027.mp4,,0.71875,custom
sad,c999_sad_007,val,999,"[0, 0, 640, 480]",1,77,D:\Compressed\archive_3\custom_videos\c999_sad_007.mp4,,0.90625,custom
sad,c999_sad_005,val,999,"[0, 0, 640, 480]",1,77,D:\Compressed\archive_3\custom_videos\c999_sad_005.mp4,,0.53125,custom
sad,c999_sad_009,test,999,"[0, 0, 640, 480]",1,77,D:\Compressed\archive_3\custom_videos\c999_sad_009.mp4,,0.9375,custom
sad,c999_sad_004,test,999,"[0, 0, 640, 480]",1,77,D:\Compressed\archive_3\custom_videos\c999_sad_004.mp4,,0.96875,custom
sad,c999_sad_010,train,999,"[0, 0, 640, 480]",1,76,D:\Compressed\archive_3\custom_videos\c999_sad_010.mp4,,0.71875,custom
sad,c999_sad_002,train,999,"[0, 0, 640, 480]",1,42,D:\Compressed\archive_3\custom_videos\c999_sad_002.mp4,,0.78125,custom
sad,c999_sad_006,train,999,"[0, 0, 640, 480]",1,76,D:\Compressed\archive_3\custom_videos\c999_sad_006.mp4,,0.65625,custom
sad,c999_sad_008,train,999,"[0, 0, 640, 480]",1,77,D:\Compressed\archive_3\custom_videos\c999_sad_008.mp4,,0.875,custom
sad,c999_sad_003,train,999,"[0, 0, 640, 480]",1,76,D:\Compressed\archive_3\custom_videos\c999_sad_003.mp4,,0.71875,custom
sad,c999_sad_001,train,999,"[0, 0, 640, 480]",1,42,D:\Compressed\archive_3\custom_videos\c999_sad_001.mp4,,0.84375,custom
question,c999_question_005,val,999,"[0, 0, 640, 480]",1,42,D:\Compressed\archive_3\custom_videos\c999_question_005.mp4,,0.90625,custom
question,c999_question_008,val,999,"[0, 0, 640, 480]",1,42,D:\Compressed\archive_3\custom_videos\c999_question_008.mp4,,0.6875,custom
question,c999_question_002,test,999,"[0, 0, 640, 480]",1,42,D:\Compressed\archive_3\custom_videos\c999_question_002.mp4,,0.84375,custom
question,c999_question_012,test,999,"[0, 0, 640, 480]",1,42,D:\Compressed\archive_3\custom_videos\c999_question_012.mp4,,0.8125,custom
question,c999_question_004,train,999,"[0, 0, 640, 480]",1,42,D:\Compressed\archive_3\custom_videos\c999_question_004.mp4,,0.9375,custom
question,c999_question_001,train,999,"[0, 0, 640, 480]",1,42,D:\Compressed\archive_3\custom_videos\c999_question_001.mp4,,0.84375,custom
question,c999_question_019,train,999,"[0, 0, 640, 480]",1,42,D:\Compressed\archive_3\custom_videos\c999_question_019.mp4,,0.5625,custom
question,c999_question_006,train,999,"[0, 0, 640, 480]",1,42,D:\Compressed\archive_3\custom_videos\c999_question_006.mp4,,0.96875,custom
question,c999_question_017,train,999,"[0, 0, 640, 480]",1,42,D:\Compressed\archive_3\custom_videos\c999_question_017.mp4,,0.8125,custom
question,c999_question_015,train,999,"[0, 0, 640, 480]",1,42,D:\Compressed\archive_3\custom_videos\c999_question_015.mp4,,0.65625,custom
question,c999_question_016,train,999,"[0, 0, 640, 480]",1,42,D:\Compressed\archive_3\custom_videos\c999_question_016.mp4,,0.75,custom
question,c999_question_014,train,999,"[0, 0, 640, 480]",1,42,D:\Compressed\archive_3\custom_videos\c999_question_014.mp4,,0.8125,custom
question,c999_question_020,train,999,"[0, 0, 640, 480]",1,42,D:\Compressed\archive_3\custom_videos\c999_question_020.mp4,,0.71875,custom
question,c999_question_009,train,999,"[0, 0, 640, 480]",1,76,D:\Compressed\archive_3\custom_videos\c999_question_009.mp4,,1.0,custom
question,c999_question_007,train,999,"[0, 0, 640, 480]",1,42,D:\Compressed\archive_3\custom_videos\c999_question_007.mp4,,1.0,custom
question,c999_question_018,train,999,"[0, 0, 640, 480]",1,42,D:\Compressed\archive_3\custom_videos\c999_question_018.mp4,,0.25,custom
question,c999_question_013,train,999,"[0, 0, 640, 480]",1,42,D:\Compressed\archive_3\custom_videos\c999_question_013.mp4,,0.84375,custom
question,c999_question_003,train,999,"[0, 0, 640, 480]",1,42,D:\Compressed\archive_3\custom_videos\c999_question_003.mp4,,0.875,custom
question,c999_question_011,train,999,"[0, 0, 640, 480]",1,42,D:\Compressed\archive_3\custom_videos\c999_question_011.mp4,,0.75,custom
question,c999_question_010,train,999,"[0, 0, 640, 480]",1,77,D:\Compressed\archive_3\custom_videos\c999_question_010.mp4,,0.9375,custom
good,c999_good_002,val,999,"[0, 0, 640, 480]",1,76,D:\Compressed\archive_3\custom_videos\c999_good_002.mp4,,0.65625,custom
good,c999_good_005,val,999,"[0, 0, 640, 480]",1,42,D:\Compressed\archive_3\custom_videos\c999_good_005.mp4,,0.28125,custom
good,c999_good_003,test,999,"[0, 0, 640, 480]",1,77,D:\Compressed\archive_3\custom_videos\c999_good_003.mp4,,1.0,custom
good,c999_good_004,test,999,"[0, 0, 640, 480]",1,77,D:\Compressed\archive_3\custom_videos\c999_good_004.mp4,,0.71875,custom
good,c999_good_001,train,999,"[0, 0, 640, 480]",1,73,D:\Compressed\archive_3\custom_videos\c999_good_001.mp4,,0.4375,custom
go,c999_go_006,val,999,"[0, 0, 640, 480]",1,76,D:\Compressed\archive_3\custom_videos\c999_go_006.mp4,,0.8125,custom
go,c999_go_010,val,999,"[0, 0, 640, 480]",1,76,D:\Compressed\archive_3\custom_videos\c999_go_010.mp4,,1.0,custom
go,c999_go_007,test,999,"[0, 0, 640, 480]",1,76,D:\Compressed\archive_3\custom_videos\c999_go_007.mp4,,1.0,custom
go,c999_go_005,test,999,"[0, 0, 640, 480]",1,42,D:\Compressed\archive_3\custom_videos\c999_go_005.mp4,,0.71875,custom
go,c999_go_001,train,999,"[0, 0, 640, 480]",1,77,D:\Compressed\archive_3\custom_videos\c999_go_001.mp4,,0.8125,custom
go,c999_go_002,train,999,"[0, 0, 640, 480]",1,42,D:\Compressed\archive_3\custom_videos\c999_go_002.mp4,,0.6875,custom
go,c999_go_004,train,999,"[0, 0, 640, 480]",1,42,D:\Compressed\archive_3\custom_videos\c999_go_004.mp4,,0.21875,custom
go,c999_go_009,train,999,"[0, 0, 640, 480]",1,76,D:\Compressed\archive_3\custom_videos\c999_go_009.mp4,,0.875,custom
go,c999_go_003,train,999,"[0, 0, 640, 480]",1,42,D:\Compressed\archive_3\custom_videos\c999_go_003.mp4,,0.9375,custom
go,c999_go_008,train,999,"[0, 0, 640, 480]",1,76,D:\Compressed\archive_3\custom_videos\c999_go_008.mp4,,0.9375,custom
who,c999_who_002,val,999,"[0, 0, 640, 480]",1,76,D:\Compressed\archive_3\custom_videos\c999_who_002.mp4,,1.0,custom
who,c999_who_010,val,999,"[0, 0, 640, 480]",1,76,D:\Compressed\archive_3\custom_videos\c999_who_010.mp4,,1.0,custom
who,c999_who_014,test,999,"[0, 0, 640, 480]",1,76,D:\Compressed\archive_3\custom_videos\c999_who_014.mp4,,1.0,custom
who,c999_who_015,test,999,"[0, 0, 640, 480]",1,76,D:\Compressed\archive_3\custom_videos\c999_who_015.mp4,,0.875,custom
who,c999_who_017,train,999,"[0, 0, 640, 480]",1,76,D:\Compressed\archive_3\custom_videos\c999_who_017.mp4,,0.8125,custom
who,c999_who_006,train,999,"[0, 0, 640, 480]",1,77,D:\Compressed\archive_3\custom_videos\c999_who_006.mp4,,1.0,custom
who,c999_who_012,train,999,"[0, 0, 640, 480]",1,76,D:\Compressed\archive_3\custom_videos\c999_who_012.mp4,,0.5625,custom
who,c999_who_004,train,999,"[0, 0, 640, 480]",1,74,D:\Compressed\archive_3\custom_videos\c999_who_004.mp4,,1.0,custom
who,c999_who_019,train,999,"[0, 0, 640, 480]",1,77,D:\Compressed\archive_3\custom_videos\c999_who_019.mp4,,1.0,custom
who,c999_who_011,train,999,"[0, 0, 640, 480]",1,67,D:\Compressed\archive_3\custom_videos\c999_who_011.mp4,,1.0,custom
who,c999_who_013,train,999,"[0, 0, 640, 480]",1,76,D:\Compressed\archive_3\custom_videos\c999_who_013.mp4,,1.0,custom
who,c999_who_001,train,999,"[0, 0, 640, 480]",1,77,D:\Compressed\archive_3\custom_videos\c999_who_001.mp4,,1.0,custom
who,c999_who_007,train,999,"[0, 0, 640, 480]",1,77,D:\Compressed\archive_3\custom_videos\c999_who_007.mp4,,1.0,custom
who,c999_who_005,train,999,"[0, 0, 640, 480]",1,76,D:\Compressed\archive_3\custom_videos\c999_who_005.mp4,,0.9375,custom
who,c999_who_003,train,999,"[0, 0, 640, 480]",1,77,D:\Compressed\archive_3\custom_videos\c999_who_003.mp4,,1.0,custom
who,c999_who_020,train,999,"[0, 0, 640, 480]",1,76,D:\Compressed\archive_3\custom_videos\c999_who_020.mp4,,0.75,custom
who,c999_who_016,train,999,"[0, 0, 640, 480]",1,76,D:\Compressed\archive_3\custom_videos\c999_who_016.mp4,,1.0,custom
who,c999_who_009,train,999,"[0, 0, 640, 480]",1,77,D:\Compressed\archive_3\custom_videos\c999_who_009.mp4,,0.78125,custom
who,c999_who_008,train,999,"[0, 0, 640, 480]",1,76,D:\Compressed\archive_3\custom_videos\c999_who_008.mp4,,1.0,custom
who,c999_who_018,train,999,"[0, 0, 640, 480]",1,77,D:\Compressed\archive_3\custom_videos\c999_who_018.mp4,,0.875,custom
